Entity,Year,production|Gold|Mine|tonnes
Algeria,2001,0
Algeria,2002,0.369
Algeria,2003,0.365
Algeria,2004,0.597
Algeria,2005,0.641
Algeria,2006,0.377
Algeria,2007,0.236
Algeria,2008,0.647
Algeria,2009,0.998
Algeria,2010,0.723
Algeria,2011,0.34
Algeria,2012,0.264
Algeria,2013,0.14
Algeria,2014,0.085
Algeria,2015,0.106
Algeria,2016,0.102
Algeria,2017,0.137
Algeria,2018,0.286
Algeria,2019,0.07
Algeria,2020,0.058
Algeria,2021,0.071
Algeria,2022,0.138
Angola,1975,0.031
Angola,1976,0.031
Angola,2017,0
Angola,2018,0
Angola,2019,0.023
Angola,2020,0.059
Angola,2021,0.035
Angola,2022,0.08
Argentina,1976,0.181
Argentina,1977,0.171
Argentina,1978,0.174
Argentina,1979,0.315
Argentina,1980,0.341
Argentina,1981,0.459
Argentina,1982,0.632
Argentina,1983,0.767
Argentina,1984,0.688
Argentina,1985,0.882
Argentina,1986,0.944
Argentina,1987,0.982
Argentina,1988,0.962
Argentina,1989,1.15
Argentina,1990,1.399
Argentina,1991,1.725
Argentina,1992,1.106
Argentina,1993,0.937
Argentina,1994,0.937
Argentina,1995,0.837
Argentina,1996,0.723
Argentina,1997,2.289
Argentina,1998,20.4
Argentina,1999,38.515
Argentina,2000,25.954
Argentina,2001,30.63
Argentina,2002,32.53
Argentina,2003,29.748
Argentina,2004,28.496
Argentina,2005,27.904
Argentina,2006,44.131
Argentina,2007,42.021
Argentina,2008,42.046
Argentina,2009,48.824
Argentina,2010,63.523
Argentina,2011,59.14
Argentina,2012,54.651
Argentina,2013,52.486
Argentina,2014,60.17
Argentina,2015,60.96
Argentina,2016,56.648
Argentina,2017,60.956
Argentina,2018,58.397
Argentina,2019,53.092
Argentina,2020,59
Argentina,2021,60
Argentina,2022,44.5
Armenia,1992,0.5
Armenia,1993,0.5
Armenia,1994,0.5
Armenia,1995,0.3
Armenia,1996,0.244
Armenia,1997,0.5
Armenia,1998,0.294
Armenia,1999,0.405
Armenia,2000,0.9
Armenia,2001,1.9
Armenia,2002,3.2
Armenia,2003,1.8
Armenia,2004,2.112
Armenia,2005,1.373
Armenia,2006,0.867
Armenia,2007,0.565
Armenia,2008,0.537
Armenia,2009,1.207
Armenia,2010,1.78
Armenia,2011,2.125
Armenia,2012,1.941
Armenia,2013,2.324
Armenia,2014,2.814
Armenia,2015,2.805
Armenia,2016,3.73
Armenia,2017,4.27
Armenia,2018,4.908
Armenia,2019,5.825
Armenia,2020,5.9
Armenia,2021,3.4
Armenia,2022,4.6
Australia,1975,16.386
Australia,1976,15.637
Australia,1977,19.417
Australia,1978,20.142
Australia,1979,18.566
Australia,1980,17.035
Australia,1981,18.374
Australia,1982,26.961
Australia,1983,30.591
Australia,1984,40.309
Australia,1985,58.521
Australia,1986,75.079
Australia,1987,110.696
Australia,1988,156.95
Australia,1989,203.563
Australia,1990,242.42
Australia,1991,235.99
Australia,1992,243.545
Australia,1993,247.433
Australia,1994,254.874
Australia,1995,253.084
Australia,1996,289.03
Australia,1997,314.09
Australia,1998,310.32
Australia,1999,299.75
Australia,2000,296.42
Australia,2001,280.08
Australia,2002,266.14
Australia,2003,282
Australia,2004,259
Australia,2005,262.156
Australia,2006,246.862
Australia,2007,247.355
Australia,2008,215.186
Australia,2009,223.504
Australia,2010,256.713
Australia,2011,258.699
Australia,2012,250.441
Australia,2013,267.062
Australia,2014,271.856
Australia,2015,277.372
Australia,2016,290.767
Australia,2017,292.022
Australia,2018,313.028
Australia,2019,326.304
Australia,2020,328
Australia,2021,315
Australia,2022,314
Australia,2023,310
Azerbaijan,2005,0
Azerbaijan,2006,0
Azerbaijan,2007,0
Azerbaijan,2008,0
Azerbaijan,2009,0.353
Azerbaijan,2010,2.092
Azerbaijan,2011,1.775
Azerbaijan,2012,1.562
Azerbaijan,2013,1.621
Azerbaijan,2014,1.872
Azerbaijan,2015,2.229
Azerbaijan,2016,1.895
Azerbaijan,2017,3.667
Azerbaijan,2018,3.476
Azerbaijan,2019,3.712
Azerbaijan,2020,3.571
Azerbaijan,2021,3.427
Azerbaijan,2022,3.316
Benin,2003,0.02
Benin,2013,0.03
Benin,2014,0.03
Benin,2015,0.006
Benin,2016,0.007
Benin,2017,0.005
Benin,2018,0.005
Benin,2019,0.005
Benin,2020,0.005
Benin,2021,0.005
Benin,2022,0.005
Bolivia,1975,1.649
Bolivia,1976,0.896
Bolivia,1977,0.431
Bolivia,1978,0.77
Bolivia,1979,0.948
Bolivia,1980,1.62
Bolivia,1981,2.064
Bolivia,1982,1.249
Bolivia,1983,1.531
Bolivia,1984,1.27
Bolivia,1985,0.561
Bolivia,1986,0.763
Bolivia,1987,2.806
Bolivia,1988,4.891
Bolivia,1989,3.602
Bolivia,1990,5.198
Bolivia,1991,3.501
Bolivia,1992,4.688
Bolivia,1993,10.423
Bolivia,1994,12.79
Bolivia,1995,14.405
Bolivia,1996,12.634
Bolivia,1997,13.292
Bolivia,1998,14.444
Bolivia,1999,11.786
Bolivia,2000,12
Bolivia,2001,12.374
Bolivia,2002,11.269
Bolivia,2003,9.361
Bolivia,2004,6.165
Bolivia,2005,8.871
Bolivia,2006,9.628
Bolivia,2007,8.818
Bolivia,2008,8.431
Bolivia,2009,7.217
Bolivia,2010,6.4
Bolivia,2011,11.035
Bolivia,2012,12
Bolivia,2013,13.459
Bolivia,2014,34.83
Bolivia,2015,22.208
Bolivia,2016,21.876
Bolivia,2017,28.726
Bolivia,2018,31.599
Bolivia,2019,42.04
Bolivia,2020,23.207
Bolivia,2021,45.662
Bolivia,2022,53.374
Botswana,1980,0
Botswana,1981,0.01
Botswana,1982,0.015
Botswana,1983,0.011
Botswana,1984,0.018
Botswana,1985,0.013
Botswana,1986,0.025
Botswana,1987,0.032
Botswana,1988,0.021
Botswana,1989,0.067
Botswana,1990,0.046
Botswana,1991,0.02
Botswana,1992,0.165
Botswana,1993,0.192
Botswana,1994,0.234
Botswana,2000,0.004
Botswana,2001,0.002
Botswana,2002,0.008
Botswana,2003,0.009
Botswana,2004,0.162
Botswana,2005,2.709
Botswana,2006,3.02
Botswana,2007,2.722
Botswana,2008,3.176
Botswana,2009,1.626
Botswana,2010,1.774
Botswana,2011,1.562
Botswana,2012,1.522
Botswana,2013,1.206
Botswana,2014,0.958
Botswana,2015,0.757
Botswana,2016,0.833
Botswana,2017,0.913
Botswana,2018,1.105
Botswana,2019,0.942
Botswana,2020,0.851
Botswana,2021,0.65
Botswana,2022,0.426
Brazil,1975,5.351
Brazil,1976,4.922
Brazil,1977,5.355
Brazil,1978,9.359
Brazil,1979,4.46
Brazil,1980,13.752
Brazil,1981,17.276
Brazil,1982,25.517
Brazil,1983,53.684
Brazil,1984,37.218
Brazil,1985,29.673
Brazil,1986,23.361
Brazil,1987,35.78
Brazil,1988,56.447
Brazil,1989,52.378
Brazil,1990,101.728
Brazil,1991,89.578
Brazil,1992,85.862
Brazil,1993,74.219
Brazil,1994,70.535
Brazil,1995,62.424
Brazil,1996,55.041
Brazil,1997,52.335
Brazil,1998,46.031
Brazil,1999,51.422
Brazil,2000,50.393
Brazil,2001,42.884
Brazil,2002,41.662
Brazil,2003,40.416
Brazil,2004,47.596
Brazil,2005,38.293
Brazil,2006,40.075
Brazil,2007,49.6
Brazil,2008,54
Brazil,2009,60.33
Brazil,2010,62.047
Brazil,2011,65.2
Brazil,2012,66.773
Brazil,2013,79.563
Brazil,2014,81.038
Brazil,2015,83.124
Brazil,2016,93.921
Brazil,2017,80
Brazil,2018,85
Brazil,2019,75
Brazil,2020,78
Brazil,2021,61
Brazil,2022,61
Brazil,2023,60
Bulgaria,1993,0
Bulgaria,1994,0.299
Bulgaria,1995,1.307
Bulgaria,1996,1.776
Bulgaria,1997,1.713
Bulgaria,1998,1.66
Bulgaria,1999,1.524
Bulgaria,2000,1.72
Bulgaria,2001,1.7
Bulgaria,2002,2.612
Bulgaria,2003,2.27
Bulgaria,2004,2.431
Bulgaria,2005,3.868
Bulgaria,2006,3.818
Bulgaria,2007,3.964
Bulgaria,2008,4.16
Bulgaria,2009,4.482
Bulgaria,2010,4.489
Bulgaria,2011,5.302
Bulgaria,2012,7.058
Bulgaria,2013,7.385
Bulgaria,2014,7.899
Bulgaria,2015,7.914
Bulgaria,2016,7.918
Bulgaria,2017,8.682
Bulgaria,2018,6.465
Bulgaria,2019,7.413
Bulgaria,2020,9.59
Bulgaria,2021,9.966
Bulgaria,2022,11.183
Burkina Faso,1983,0
Burkina Faso,1984,0.7
Burkina Faso,1985,1.6
Burkina Faso,1986,3.021
Burkina Faso,1987,2.272
Burkina Faso,1988,2.761
Burkina Faso,1989,4.085
Burkina Faso,1990,2.715
Burkina Faso,1991,6
Burkina Faso,1992,0.9
Burkina Faso,1994,0.537
Burkina Faso,1995,1.361
Burkina Faso,1996,0.897
Burkina Faso,1997,1.089
Burkina Faso,1998,1.091
Burkina Faso,1999,0.886
Burkina Faso,2000,0.625
Burkina Faso,2001,0.229
Burkina Faso,2002,0.209
Burkina Faso,2003,0.78
Burkina Faso,2004,1.008
Burkina Faso,2005,1.397
Burkina Faso,2006,1.571
Burkina Faso,2007,2.25
Burkina Faso,2008,6.033
Burkina Faso,2009,12.14
Burkina Faso,2010,23.528
Burkina Faso,2011,32.189
Burkina Faso,2012,29.877
Burkina Faso,2013,32.994
Burkina Faso,2014,36.32
Burkina Faso,2015,36.54
Burkina Faso,2016,38.52
Burkina Faso,2017,46.436
Burkina Faso,2018,52.898
Burkina Faso,2019,51.5
Burkina Faso,2020,58
Burkina Faso,2021,67
Burkina Faso,2022,58
Burkina Faso,2023,60
Burundi,1975,0.011
Burundi,1976,0.013
Burundi,1977,0.017
Burundi,1978,0.01
Burundi,1979,0.004
Burundi,1980,0.004
Burundi,1981,0.003
Burundi,1982,0.003
Burundi,1983,0.011
Burundi,1984,0.035
Burundi,1985,0.025
Burundi,1986,0.031
Burundi,1987,0.03
Burundi,1988,0.03
Burundi,1989,0.019
Burundi,1990,0.008
Burundi,1991,0.025
Burundi,1992,0.032
Burundi,1993,0.02
Burundi,1994,1
Burundi,1995,3.819
Burundi,1996,2.256
Burundi,1997,0
Burundi,1998,0
Burundi,1999,0
Burundi,2000,0
Burundi,2001,0.415
Burundi,2002,0.483
Burundi,2003,2.855
Burundi,2004,3.229
Burundi,2005,3.905
Burundi,2006,4.313
Burundi,2007,2.423
Burundi,2008,2.17
Burundi,2009,0.98
Burundi,2010,2.933
Burundi,2011,1.052
Burundi,2012,2.147
Burundi,2013,2.823
Burundi,2014,0.65
Burundi,2015,0.549
Burundi,2016,0.396
Burundi,2017,1.742
Burundi,2018,1.898
Burundi,2019,1.599
Burundi,2020,0.863
Burundi,2021,0.893
Burundi,2022,0.9
Cambodia,1975,0.015
Cambodia,1976,0.03
Cambodia,1977,0.03
Cambodia,2020,0
Cambodia,2021,1.465
Cambodia,2022,3.312
Cameroon,1975,0.003
Cameroon,1976,0.008
Cameroon,1977,0.006
Cameroon,1978,0.006
Cameroon,1979,0.005
Cameroon,1980,0.002
Cameroon,1981,0.01
Cameroon,1982,0.004
Cameroon,1983,0.008
Cameroon,1984,0.008
Cameroon,1985,0.008
Cameroon,1986,0.008
Cameroon,1992,0.01
Cameroon,1993,0.01
Cameroon,1994,0.01
Cameroon,1995,0.56
Cameroon,1996,1
Cameroon,1997,1
Cameroon,1998,1
Cameroon,1999,1
Cameroon,2000,1
Cameroon,2001,0.6
Cameroon,2002,0.7
Cameroon,2003,0.7
Cameroon,2004,0.6
Cameroon,2005,0.6
Cameroon,2006,0.6
Cameroon,2007,0.6
Cameroon,2008,0.6
Cameroon,2009,0.6
Cameroon,2010,0.6
Cameroon,2011,0.6
Cameroon,2012,1
Cameroon,2013,1
Cameroon,2014,1
Cameroon,2015,0.795
Cameroon,2016,0.542
Cameroon,2017,0.713
Cameroon,2018,0.478
Cameroon,2019,0.341
Cameroon,2020,0.45
Cameroon,2021,0.45
Cameroon,2022,0.175
Canada,1975,51.433
Canada,1976,52.621
Canada,1977,53.921
Canada,1978,53.967
Canada,1979,51.142
Canada,1980,50.62
Canada,1981,52.034
Canada,1982,64.735
Canada,1983,73.512
Canada,1984,83.446
Canada,1985,87.561
Canada,1986,102.899
Canada,1987,117.227
Canada,1988,135.889
Canada,1989,159.527
Canada,1990,169.412
Canada,1991,175.709
Canada,1992,161.402
Canada,1993,153.299
Canada,1994,146.891
Canada,1995,152.032
Canada,1996,166.378
Canada,1997,171.376
Canada,1998,165.599
Canada,1999,157.755
Canada,2000,155.538
Canada,2001,160.2
Canada,2002,152.059
Canada,2003,141.589
Canada,2004,130.727
Canada,2005,120.541
Canada,2006,104.448
Canada,2007,102.377
Canada,2008,96.501
Canada,2009,97.235
Canada,2010,102.693
Canada,2011,102.624
Canada,2012,107.486
Canada,2013,133.636
Canada,2014,152.46
Canada,2015,162.504
Canada,2016,163.888
Canada,2017,171.111
Canada,2018,194.155
Canada,2019,182.783
Canada,2020,170
Canada,2021,223
Canada,2022,206
Canada,2023,200
Central African Republic,1977,0.003
Central African Republic,1978,0.03
Central African Republic,1979,0.068
Central African Republic,1980,0.062
Central African Republic,1981,0.043
Central African Republic,1982,0.047
Central African Republic,1983,0.095
Central African Republic,1984,0.236
Central African Republic,1985,0.249
Central African Republic,1986,0.212
Central African Republic,1987,0.224
Central African Republic,1988,0.382
Central African Republic,1989,0.328
Central African Republic,1990,0.241
Central African Republic,1991,0.191
Central African Republic,1992,0.155
Central African Republic,1993,0.171
Central African Republic,1994,0.138
Central African Republic,1999,0.041
Central African Republic,2000,0.015
Central African Republic,2005,0.015
Central African Republic,2006,0.01
Central African Republic,2013,0.055
Central African Republic,2014,0.007
Central African Republic,2015,0.015
Central African Republic,2016,0.033
Central African Republic,2017,0.118
Central African Republic,2018,0.142
Central African Republic,2019,0.359
Central African Republic,2020,0.401
Central African Republic,2021,0.858
Central African Republic,2022,1.507
Chad,2006,0.15
Chad,2007,0.15
Chad,2014,0.01
Chad,2015,0.01
Chile,1975,3.997
Chile,1976,4.017
Chile,1977,3.62
Chile,1978,3.182
Chile,1979,3.465
Chile,1980,6.836
Chile,1981,12.456
Chile,1982,16.907
Chile,1983,17.759
Chile,1984,16.829
Chile,1985,17.24
Chile,1986,17.947
Chile,1987,17.035
Chile,1988,20.614
Chile,1989,22.559
Chile,1990,27.503
Chile,1991,28.879
Chile,1992,34.473
Chile,1993,33.638
Chile,1994,38.786
Chile,1995,44.585
Chile,1996,53.174
Chile,1997,49.459
Chile,1998,44.98
Chile,1999,48.069
Chile,2000,54.143
Chile,2001,42.673
Chile,2002,38.688
Chile,2003,38.954
Chile,2004,39.986
Chile,2005,40.447
Chile,2006,42.1
Chile,2007,41.528
Chile,2008,39.162
Chile,2009,40.834
Chile,2010,39.494
Chile,2011,45.137
Chile,2012,49.936
Chile,2013,51.309
Chile,2014,46.031
Chile,2015,42.501
Chile,2016,46.333
Chile,2017,37.911
Chile,2018,37.066
Chile,2019,38.455
Chile,2020,33.895
Chile,2021,34.248
Chile,2022,30.966
China,1975,1.5
China,1976,2.5
China,1977,28
China,1978,34
China,1979,40
China,1980,45
China,1981,50
China,1982,56
China,1983,57
China,1984,59
China,1985,60.6
China,1986,66
China,1987,72
China,1988,78
China,1989,90
China,1990,100
China,1991,120
China,1992,140
China,1993,160
China,1994,160
China,1995,127.611
China,1996,145.333
China,1997,181.36
China,1998,177.62
China,1999,165.68
China,2000,176.91
China,2001,181.87
China,2002,202
China,2003,210.1
China,2004,212.35
China,2005,255
China,2006,247.5
China,2007,275
China,2008,285
China,2009,313.98
China,2010,340.88
China,2011,360.96
China,2012,403.05
China,2013,428.163
China,2014,451.799
China,2015,450.053
China,2016,453.49
China,2017,426.142
China,2018,401.119
China,2019,380.23
China,2020,365
China,2021,329
China,2022,372
China,2023,370
Colombia,1975,9.624
Colombia,1976,9.274
Colombia,1977,7.996
Colombia,1978,7.666
Colombia,1979,8.379
Colombia,1980,15.877
Colombia,1981,16.461
Colombia,1982,14.702
Colombia,1983,13.642
Colombia,1984,24.88
Colombia,1985,35.533
Colombia,1986,39.996
Colombia,1987,26.546
Colombia,1988,29.02
Colombia,1989,29.506
Colombia,1990,29.353
Colombia,1991,34.845
Colombia,1992,32.118
Colombia,1993,27.469
Colombia,1994,20.76
Colombia,1995,21.165
Colombia,1996,22.073
Colombia,1997,18.811
Colombia,1998,18.813
Colombia,1999,34.599
Colombia,2000,37.018
Colombia,2001,21.813
Colombia,2002,20.823
Colombia,2003,46.515
Colombia,2004,37.738
Colombia,2005,35.783
Colombia,2006,15.683
Colombia,2007,15.483
Colombia,2008,34.321
Colombia,2009,47.838
Colombia,2010,53.606
Colombia,2011,55.908
Colombia,2012,66.222
Colombia,2013,55.968
Colombia,2014,57.896
Colombia,2015,59.638
Colombia,2016,63.157
Colombia,2017,43.158
Colombia,2018,35.965
Colombia,2019,38.006
Colombia,2020,48
Colombia,2021,55
Colombia,2022,60
Congo,1975,0.216
Congo,1976,0.218
Congo,1977,0.018
Congo,1978,0.006
Congo,1979,0.003
Congo,1980,0.002
Congo,1981,0.004
Congo,1982,0.003
Congo,1983,0.008
Congo,1984,0.003
Congo,1985,0.013
Congo,1986,0.009
Congo,2002,0.01
Congo,2003,0.075
Congo,2004,0.06
Congo,2005,0.035
Congo,2006,0.03
Congo,2012,0.15
Congo,2013,0.15
Congo,2014,0.15
Congo,2015,0.15
Congo,2016,0.15
Congo,2017,0.15
Congo,2018,0.15
Congo,2019,0.15
Congo,2020,0.15
Congo,2021,0.15
Congo,2022,0.15
Costa Rica,1975,0.56
Costa Rica,1976,0.3
Costa Rica,1977,0.4
Costa Rica,1978,0.5
Costa Rica,1979,0.52
Costa Rica,1980,0.56
Costa Rica,1981,0.62
Costa Rica,1982,0.985
Costa Rica,1983,0.775
Costa Rica,1984,0.595
Costa Rica,1985,1.073
Costa Rica,1986,0.362
Costa Rica,1987,0.336
Costa Rica,1988,0.368
Costa Rica,1989,0.092
Costa Rica,1990,0.072
Costa Rica,1991,0.564
Costa Rica,1992,0.25
Costa Rica,1993,0.26
Costa Rica,1994,0.37
Costa Rica,1995,0.464
Costa Rica,1996,0.713
Costa Rica,1997,0.733
Costa Rica,1998,0.636
Costa Rica,1999,0.165
Costa Rica,2000,0.051
Costa Rica,2001,0.1
Costa Rica,2002,0.1
Costa Rica,2003,0.11
Costa Rica,2004,0.15
Costa Rica,2005,0.54
Costa Rica,2006,1.85
Costa Rica,2007,1.221
Costa Rica,2008,0.154
Costa Rica,2009,0.205
Costa Rica,2010,0.3
Costa Rica,2011,0.5
Costa Rica,2012,0
Costa Rica,2013,1.5
Costa Rica,2014,1.35
Costa Rica,2015,0.95
Costa Rica,2016,0.75
Costa Rica,2017,4.255
Costa Rica,2018,3.699
Costa Rica,2019,4.5
Costa Rica,2020,0.599
Costa Rica,2021,0.647
Costa Rica,2022,0.864
Cote d'Ivoire,1988,0.006
Cote d'Ivoire,1989,0.013
Cote d'Ivoire,1990,0.02
Cote d'Ivoire,1991,0.989
Cote d'Ivoire,1992,1.665
Cote d'Ivoire,1993,1.5
Cote d'Ivoire,1994,1.86
Cote d'Ivoire,1995,1.94
Cote d'Ivoire,1996,1.883
Cote d'Ivoire,1997,2.419
Cote d'Ivoire,1998,3.4
Cote d'Ivoire,1999,2.967
Cote d'Ivoire,2000,3.444
Cote d'Ivoire,2001,3.672
Cote d'Ivoire,2002,3.57
Cote d'Ivoire,2003,1.313
Cote d'Ivoire,2004,1.219
Cote d'Ivoire,2005,1.638
Cote d'Ivoire,2006,1.323
Cote d'Ivoire,2007,1.243
Cote d'Ivoire,2008,4.205
Cote d'Ivoire,2009,6.947
Cote d'Ivoire,2010,5.316
Cote d'Ivoire,2011,11.009
Cote d'Ivoire,2012,13
Cote d'Ivoire,2013,14.7
Cote d'Ivoire,2014,19
Cote d'Ivoire,2015,23.2
Cote d'Ivoire,2016,25.1
Cote d'Ivoire,2017,25.395
Cote d'Ivoire,2018,24.488
Cote d'Ivoire,2019,32.568
Cote d'Ivoire,2020,38.523
Cote d'Ivoire,2021,39.779
Cote d'Ivoire,2022,47.6
Cuba,2000,1
Cuba,2001,1
Cuba,2002,1
Cuba,2003,0.547
Cyprus,2013,0
Cyprus,2014,0
Cyprus,2015,0
Cyprus,2016,0
Cyprus,2017,0.048
Cyprus,2018,0.047
Cyprus,2019,0.033
Cyprus,2020,0.061
Cyprus,2021,0
Cyprus,2022,0
Czechia,1992,0
Czechia,1993,0.512
Czechia,1994,0.075
Democratic Republic of Congo,1975,3.826
Democratic Republic of Congo,1976,2.746
Democratic Republic of Congo,1977,2.715
Democratic Republic of Congo,1978,2.286
Democratic Republic of Congo,1979,1.836
Democratic Republic of Congo,1980,2.237
Democratic Republic of Congo,1981,2.027
Democratic Republic of Congo,1982,1.869
Democratic Republic of Congo,1983,6.001
Democratic Republic of Congo,1984,3.644
Democratic Republic of Congo,1985,2.289
Democratic Republic of Congo,1986,1.958
Democratic Republic of Congo,1987,4.365
Democratic Republic of Congo,1988,3.301
Democratic Republic of Congo,1989,2.485
Democratic Republic of Congo,1990,5.224
Democratic Republic of Congo,1991,6.131
Democratic Republic of Congo,1992,2.525
Democratic Republic of Congo,1993,1.502
Democratic Republic of Congo,1994,0.78
Democratic Republic of Congo,1995,1.18
Democratic Republic of Congo,1996,1.252
Democratic Republic of Congo,1997,0.394
Democratic Republic of Congo,1998,0.152
Democratic Republic of Congo,1999,0.207
Democratic Republic of Congo,2000,0.052
Democratic Republic of Congo,2003,8.9
Democratic Republic of Congo,2004,10.5
Democratic Republic of Congo,2005,7.2
Democratic Republic of Congo,2006,10.3
Democratic Republic of Congo,2007,5.1
Democratic Republic of Congo,2008,10
Democratic Republic of Congo,2009,10
Democratic Republic of Congo,2010,10
Democratic Republic of Congo,2011,10
Democratic Republic of Congo,2012,17
Democratic Republic of Congo,2013,17
Democratic Republic of Congo,2014,36.6
Democratic Republic of Congo,2015,38
Democratic Republic of Congo,2016,37.1
Democratic Republic of Congo,2017,37.1
Democratic Republic of Congo,2018,43.8
Democratic Republic of Congo,2019,43
Democratic Republic of Congo,2020,40
Democratic Republic of Congo,2021,42
Democratic Republic of Congo,2022,38
Dominican Republic,1975,6.08
Dominican Republic,1976,12.871
Dominican Republic,1977,10.661
Dominican Republic,1978,10.663
Dominican Republic,1979,10.979
Dominican Republic,1980,11.496
Dominican Republic,1981,12.685
Dominican Republic,1982,12.016
Dominican Republic,1983,11.012
Dominican Republic,1984,10.522
Dominican Republic,1985,10.219
Dominican Republic,1986,8.879
Dominican Republic,1987,7.798
Dominican Republic,1988,6.335
Dominican Republic,1989,5.355
Dominican Republic,1990,4.354
Dominican Republic,1991,3.16
Dominican Republic,1992,2.229
Dominican Republic,1993,0.247
Dominican Republic,1994,1.538
Dominican Republic,1995,3.288
Dominican Republic,1996,3.659
Dominican Republic,1997,2.35
Dominican Republic,1998,1.421
Dominican Republic,1999,0.651
Dominican Republic,2005,0
Dominican Republic,2006,0
Dominican Republic,2007,0
Dominican Republic,2008,0.041
Dominican Republic,2009,0.425
Dominican Republic,2010,0.533
Dominican Republic,2011,0.495
Dominican Republic,2012,4.106
Dominican Republic,2013,26.084
Dominican Republic,2014,36.085
Dominican Republic,2015,31.134
Dominican Republic,2016,37.932
Dominican Republic,2017,35.242
Dominican Republic,2018,31.633
Dominican Republic,2019,31.801
Dominican Republic,2020,28.117
Dominican Republic,2021,25.287
Dominican Republic,2022,22.177
East Germany,1985,2.472
East Germany,1986,2.5
East Germany,1987,2.5
East Germany,1988,2.5
East Germany,1989,2.5
East Germany,1990,0
Ecuador,1975,0.254
Ecuador,1976,0.343
Ecuador,1977,0.244
Ecuador,1978,0.08
Ecuador,1979,0.07
Ecuador,1980,0.07
Ecuador,1981,0.073
Ecuador,1982,1.207
Ecuador,1983,1.2
Ecuador,1984,1.8
Ecuador,1985,2.4
Ecuador,1986,9.87
Ecuador,1987,9.4
Ecuador,1988,8.599
Ecuador,1989,8.155
Ecuador,1990,10.71
Ecuador,1991,12.2
Ecuador,1992,12.3
Ecuador,1993,12.5
Ecuador,1994,1.182
Ecuador,1995,7.41
Ecuador,1996,7.208
Ecuador,1997,3.069
Ecuador,1998,1.474
Ecuador,1999,2.026
Ecuador,2000,2.871
Ecuador,2001,3.005
Ecuador,2002,2.75
Ecuador,2003,4.819
Ecuador,2004,5.128
Ecuador,2005,5.338
Ecuador,2006,5.168
Ecuador,2007,4.588
Ecuador,2008,4.133
Ecuador,2009,5.392
Ecuador,2010,4.593
Ecuador,2011,4.924
Ecuador,2012,5.139
Ecuador,2013,8.676
Ecuador,2014,7.322
Ecuador,2015,7.723
Ecuador,2016,6.761
Ecuador,2017,6.368
Ecuador,2018,8.212
Ecuador,2019,6.293
Ecuador,2020,9.086
Ecuador,2021,12.614
Ecuador,2022,15.111
Egypt,2006,0
Egypt,2007,0
Egypt,2008,0
Egypt,2009,0
Egypt,2010,4.675
Egypt,2011,6.305
Egypt,2012,8.175
Egypt,2013,11.102
Egypt,2014,11.734
Egypt,2015,13.657
Egypt,2016,17.139
Egypt,2017,16.941
Egypt,2018,14.694
Egypt,2019,14.946
Egypt,2020,14.069
Egypt,2021,12.919
Egypt,2022,13.716
El Salvador,1975,0.271
El Salvador,1976,0.095
El Salvador,1977,0.067
El Salvador,1978,0.113
El Salvador,1979,0.085
El Salvador,1980,0.078
El Salvador,1981,0.121
El Salvador,1982,0.103
Equatorial Guinea,2004,0.15
Equatorial Guinea,2005,0.2
Equatorial Guinea,2006,0.2
Equatorial Guinea,2007,0.2
Equatorial Guinea,2008,0.2
Equatorial Guinea,2009,0.2
Equatorial Guinea,2010,0.2
Equatorial Guinea,2011,0.2
Equatorial Guinea,2012,0.2
Equatorial Guinea,2013,0.2
Equatorial Guinea,2014,0.2
Equatorial Guinea,2015,0.2
Equatorial Guinea,2016,0.2
Equatorial Guinea,2017,0.2
Equatorial Guinea,2018,0.2
Equatorial Guinea,2019,0.2
Equatorial Guinea,2020,0.2
Equatorial Guinea,2021,0.2
Equatorial Guinea,2022,0.2
Eritrea,1992,0
Eritrea,1994,0.078
Eritrea,1995,0.059
Eritrea,1996,0.098
Eritrea,1997,0.612
Eritrea,1998,0.573
Eritrea,1999,0.534
Eritrea,2000,0.264
Eritrea,2001,0.107
Eritrea,2002,0
Eritrea,2005,0.025
Eritrea,2006,0.045
Eritrea,2007,0.087
Eritrea,2008,0.032
Eritrea,2009,0.03
Eritrea,2010,0.03
Eritrea,2011,11.788
Eritrea,2012,9.735
Eritrea,2013,2.862
Eritrea,2014,0.84
Eritrea,2015,0.753
Eritrea,2016,1.4
Eritrea,2017,2.7
Eritrea,2018,3.768
Eritrea,2019,2.443
Eritrea,2020,3.019
Eritrea,2021,2.2
Eritrea,2022,3.3
Eswatini,2014,0
Eswatini,2015,0
Eswatini,2016,0
Eswatini,2017,0
Eswatini,2018,0.012
Eswatini,2019,0.006
Eswatini,2020,0.001
Eswatini,2021,0
Eswatini,2022,0
Ethiopia,1975,0.621
Ethiopia,1976,0.842
Ethiopia,1977,0.29
Ethiopia,1978,0.24
Ethiopia,1979,0.248
Ethiopia,1980,0.373
Ethiopia,1981,0.371
Ethiopia,1982,0.492
Ethiopia,1983,0.463
Ethiopia,1984,0.662
Ethiopia,1985,0.918
Ethiopia,1986,0.923
Ethiopia,1987,0.643
Ethiopia,1988,0.728
Ethiopia,1989,0.746
Ethiopia,1990,0.848
Ethiopia,1991,3.038
Ethiopia,1992,2.224
Ethiopia,1993,3.387
Ethiopia,1994,2.45
Ethiopia,1995,1.183
Ethiopia,1996,0.199
Ethiopia,1997,0.755
Ethiopia,1999,2.928
Ethiopia,2000,3.206
Ethiopia,2001,3.862
Ethiopia,2002,3.67
Ethiopia,2003,3.875
Ethiopia,2004,3.49
Ethiopia,2005,3.726
Ethiopia,2006,3.828
Ethiopia,2007,4.368
Ethiopia,2008,3.631
Ethiopia,2009,4.005
Ethiopia,2010,6.003
Ethiopia,2011,10.322
Ethiopia,2012,12.581
Ethiopia,2013,13.05
Ethiopia,2014,10.34
Ethiopia,2015,9.37
Ethiopia,2016,8.573
Ethiopia,2017,4.704
Ethiopia,2018,2.57
Ethiopia,2019,3.18
Ethiopia,2020,3.32
Ethiopia,2021,9.19
Ethiopia,2022,8.68
Fiji,1975,2.138
Fiji,1976,2.045
Fiji,1977,1.519
Fiji,1978,0.872
Fiji,1979,0.907
Fiji,1980,0.774
Fiji,1981,0.956
Fiji,1982,1.423
Fiji,1983,1.246
Fiji,1984,1.676
Fiji,1985,1.888
Fiji,1986,2.856
Fiji,1987,2.866
Fiji,1988,4.274
Fiji,1989,4.222
Fiji,1990,4.116
Fiji,1991,2.81
Fiji,1992,3.693
Fiji,1993,3.815
Fiji,1994,3.536
Fiji,1995,3.495
Fiji,1996,4.55
Fiji,1997,4.671
Fiji,1998,3.758
Fiji,1999,3.881
Fiji,2000,3.842
Fiji,2001,4.907
Fiji,2002,3.829
Fiji,2003,3.517
Fiji,2004,4.033
Fiji,2005,2.793
Fiji,2006,1.403
Fiji,2007,0.029
Fiji,2008,0.7
Fiji,2009,1.091
Fiji,2010,1.903
Fiji,2011,1.572
Fiji,2012,1.439
Fiji,2013,1.218
Fiji,2014,1.188
Fiji,2015,1.368
Fiji,2016,1.5
Fiji,2017,1.425
Fiji,2018,1.281
Fiji,2019,1.106
Fiji,2020,1.09
Fiji,2021,1.107
Fiji,2022,0.584
Finland,1975,0.69
Finland,1976,0.82
Finland,1977,0.852
Finland,1978,0.905
Finland,1979,0.881
Finland,1980,1.303
Finland,1981,1.424
Finland,1982,0.756
Finland,1983,0.872
Finland,1984,1.046
Finland,1985,0.996
Finland,1986,0.501
Finland,1987,0.708
Finland,1988,0.594
Finland,1989,1.785
Finland,1990,1.503
Finland,1991,1.818
Finland,1992,1.663
Finland,1993,0.304
Finland,1994,0.963
Finland,1995,1.05
Finland,1996,1.67
Finland,1997,1.9
Finland,1998,2.37
Finland,1999,2.77
Finland,2000,1.6
Finland,2001,1.7
Finland,2002,1.3
Finland,2003,1.2
Finland,2004,1.368
Finland,2005,1.303
Finland,2006,1.326
Finland,2007,1.479
Finland,2008,1.368
Finland,2009,3.996
Finland,2010,5.896
Finland,2011,6.674
Finland,2012,9.1
Finland,2013,8.66
Finland,2014,8.085
Finland,2015,8.342
Finland,2016,8.865
Finland,2017,9.102
Finland,2018,8.732
Finland,2019,7.927
Finland,2020,8.668
Finland,2021,9.082
Finland,2022,8.39
France,1975,1.556
France,1976,1.898
France,1977,1.569
France,1978,1.855
France,1979,1.263
France,1980,1.163
France,1981,1.131
France,1982,2.18
France,1983,2.744
France,1984,2.407
France,1985,2.38
France,1986,2.36
France,1987,2.225
France,1988,2.525
France,1989,3.303
France,1990,4.236
France,1991,4.612
France,1992,3.06
France,1993,3.034
France,1994,5.102
France,1995,5.931
France,1996,5.651
France,1997,4.953
France,1998,3.793
France,1999,3.567
France,2000,2.643
France,2001,2.512
France,2002,1.724
France,2003,1.47
France,2004,0
French Guiana,1975,0.076
French Guiana,1976,0.088
French Guiana,1977,0.15
French Guiana,1978,0.09
French Guiana,1979,0.062
French Guiana,1980,0.092
French Guiana,1981,0.167
French Guiana,1982,0.163
French Guiana,1983,0.25
French Guiana,1984,0.315
French Guiana,1985,0.407
French Guiana,1986,0.326
French Guiana,1987,0.52
French Guiana,1988,0.522
French Guiana,1989,0.544
French Guiana,1990,0.87
French Guiana,1991,1.417
French Guiana,1992,2.14
French Guiana,1993,2.805
French Guiana,1994,2.267
French Guiana,1995,2.47
French Guiana,1996,2.949
French Guiana,1997,3.225
French Guiana,1998,2.735
French Guiana,1999,2.972
French Guiana,2000,3.376
French Guiana,2001,4.062
French Guiana,2002,3.29
French Guiana,2003,3.296
French Guiana,2004,2.759
French Guiana,2005,2.576
French Guiana,2006,3.083
French Guiana,2007,2.844
French Guiana,2008,1.941
French Guiana,2009,1.25
French Guiana,2010,1.16
French Guiana,2011,1.298
French Guiana,2012,1.147
French Guiana,2013,6.22
French Guiana,2014,6.83
French Guiana,2015,6.46
French Guiana,2016,6.1
French Guiana,2017,8
French Guiana,2018,10
French Guiana,2019,10
French Guiana,2020,10
French Guiana,2021,11
French Guiana,2022,10
Gabon,1975,0.13
Gabon,1976,0.096
Gabon,1977,0.073
Gabon,1978,0.03
Gabon,1979,0.03
Gabon,1980,0.017
Gabon,1981,0.02
Gabon,1982,0.02
Gabon,1983,0.037
Gabon,1984,0.041
Gabon,1985,0.049
Gabon,1986,0.055
Gabon,1987,0.079
Gabon,1988,0.138
Gabon,1989,0.081
Gabon,1990,0.15
Gabon,1991,0.15
Gabon,1992,0.07
Gabon,1993,0.12
Gabon,1994,0.072
Gabon,1999,0.07
Gabon,2000,0.07
Gabon,2001,0.07
Gabon,2002,0.07
Gabon,2003,0.07
Gabon,2004,0.3
Gabon,2005,0.3
Gabon,2006,0.3
Gabon,2007,0.3
Gabon,2008,0.3
Gabon,2009,0.3
Gabon,2010,0.3
Gabon,2011,0.3
Gabon,2012,0.684
Gabon,2013,1.201
Gabon,2014,1.078
Gabon,2015,1.356
Gabon,2016,1.07
Gabon,2017,0.6
Gabon,2018,0.083
Gabon,2019,0.107
Gabon,2020,0.371
Gabon,2021,0.967
Gabon,2022,1.063
Georgia,1992,1.5
Georgia,1995,0.5
Georgia,1996,0.5
Georgia,1997,0.7
Georgia,1998,0.8
Georgia,1999,1.587
Georgia,2000,2.11
Georgia,2001,1.88
Georgia,2002,2.876
Georgia,2003,2.386
Georgia,2004,1.377
Georgia,2005,1.62
Georgia,2006,2.4
Georgia,2007,3.1
Georgia,2008,3.1
Georgia,2009,3.1
Georgia,2010,3.1
Georgia,2011,3.1
Georgia,2012,3.1
Georgia,2013,4.3
Georgia,2014,2.3
Georgia,2015,3.1
Georgia,2016,3.6
Georgia,2017,3.032
Georgia,2018,4.299
Georgia,2019,4.052
Georgia,2020,5.401
Georgia,2021,3.513
Georgia,2022,4.908
Germany,1991,0
Germany,2015,0
Germany,2016,0
Germany,2017,0
Germany,2018,0.009
Germany,2019,0.01
Germany,2020,0.01
Germany,2021,0.012
Germany,2022,0.014
Ghana,1975,16.326
Ghana,1976,16.561
Ghana,1977,14.957
Ghana,1978,12.505
Ghana,1979,11.094
Ghana,1980,10.981
Ghana,1981,10.595
Ghana,1982,10.28
Ghana,1983,8.601
Ghana,1984,8.923
Ghana,1985,9.311
Ghana,1986,8.95
Ghana,1987,10.228
Ghana,1988,11.631
Ghana,1989,13.265
Ghana,1990,16.563
Ghana,1991,26.31
Ghana,1992,31.038
Ghana,1993,38.603
Ghana,1994,43.348
Ghana,1995,51.33
Ghana,1996,48.271
Ghana,1997,54.446
Ghana,1998,72.003
Ghana,1999,78.66
Ghana,2000,78.399
Ghana,2001,70.049
Ghana,2002,69.575
Ghana,2003,70.756
Ghana,2004,63.139
Ghana,2005,66.852
Ghana,2006,72.323
Ghana,2007,83.558
Ghana,2008,80.503
Ghana,2009,91.143
Ghana,2010,92.38
Ghana,2011,90.959
Ghana,2012,128.6
Ghana,2013,137.82
Ghana,2014,137.861
Ghana,2015,112.402
Ghana,2016,114.488
Ghana,2017,133.303
Ghana,2018,149.216
Ghana,2019,143.94
Ghana,2020,125
Ghana,2021,88
Ghana,2022,88
Ghana,2023,90
Greece,2009,0
Greece,2010,0
Greece,2011,0
Greece,2012,0.026
Greece,2013,0.822
Greece,2014,0.552
Greece,2015,0.51
Greece,2016,0.086
Greece,2017,1.571
Greece,2018,2.839
Greece,2019,2.333
Greece,2020,3.44
Greece,2021,3.313
Greece,2022,3.561
Greenland,2000,0
Greenland,2001,0
Greenland,2002,0
Greenland,2003,0
Greenland,2004,1.56
Greenland,2005,1.828
Greenland,2006,2.324
Greenland,2007,1.835
Greenland,2008,1.648
Greenland,2009,0
Greenland,2010,0
Greenland,2011,0.103
Greenland,2012,0.307
Greenland,2013,0.025
Guatemala,1999,4.449
Guatemala,2000,4.5
Guatemala,2001,4.5
Guatemala,2002,4.5
Guatemala,2003,4.55
Guatemala,2004,0
Guatemala,2005,0.741
Guatemala,2006,5.036
Guatemala,2007,7.068
Guatemala,2008,7.448
Guatemala,2009,8.55
Guatemala,2010,9.213
Guatemala,2011,11.898
Guatemala,2012,6.473
Guatemala,2013,6.386
Guatemala,2014,6.142
Guatemala,2015,5.61
Guatemala,2016,3.91
Guatemala,2017,1.647
Guatemala,2018,0.1
Guatemala,2019,0.1
Guatemala,2020,0
Guatemala,2021,0.1
Guatemala,2022,0
Guinea,1987,0.074
Guinea,1988,1.3
Guinea,1989,2.053
Guinea,1990,6.34
Guinea,1991,4.453
Guinea,1992,5.14
Guinea,1993,3.864
Guinea,1994,5.617
Guinea,1995,7.862
Guinea,1996,6.838
Guinea,1997,3.713
Guinea,1998,7.835
Guinea,1999,11.71
Guinea,2000,15.748
Guinea,2001,16.256
Guinea,2002,16.666
Guinea,2003,16.631
Guinea,2004,11.1
Guinea,2005,25.097
Guinea,2006,16.364
Guinea,2007,15.303
Guinea,2008,17.981
Guinea,2009,17.545
Guinea,2010,24.836
Guinea,2011,15.779
Guinea,2012,16.154
Guinea,2013,18.322
Guinea,2014,23.465
Guinea,2015,21.464
Guinea,2016,29.192
Guinea,2017,46.847
Guinea,2018,25.086
Guinea,2019,27.552
Guinea,2020,91.802
Guinea,2021,100.958
Guinea,2022,84.713
Guyana,1975,0.562
Guyana,1976,0.487
Guyana,1977,0.37
Guyana,1978,0.479
Guyana,1979,0.329
Guyana,1980,0.342
Guyana,1981,0.599
Guyana,1982,0.269
Guyana,1983,0.143
Guyana,1984,0.328
Guyana,1985,0.321
Guyana,1986,0.436
Guyana,1987,0.666
Guyana,1988,0.585
Guyana,1989,0.539
Guyana,1990,1.204
Guyana,1991,1.843
Guyana,1992,2.475
Guyana,1993,9.635
Guyana,1994,11.683
Guyana,1995,9.005
Guyana,1996,12.007
Guyana,1997,13.577
Guyana,1998,14.146
Guyana,1999,13.159
Guyana,2000,13.525
Guyana,2001,14.179
Guyana,2002,14.104
Guyana,2003,12.171
Guyana,2004,11.478
Guyana,2005,5.668
Guyana,2006,6.405
Guyana,2007,7.412
Guyana,2008,8.131
Guyana,2009,9.326
Guyana,2010,9.593
Guyana,2011,11.293
Guyana,2012,13.643
Guyana,2013,14.963
Guyana,2014,12.053
Guyana,2015,14.029
Guyana,2016,22.167
Guyana,2017,20.334
Guyana,2018,19.069
Guyana,2019,19.963
Guyana,2020,18.209
Guyana,2021,15.522
Guyana,2022,15.129
Honduras,1975,0.078
Honduras,1976,0.071
Honduras,1977,0.077
Honduras,1978,0.071
Honduras,1979,0.062
Honduras,1980,0.063
Honduras,1981,0.055
Honduras,1982,0.053
Honduras,1983,0.067
Honduras,1984,0.131
Honduras,1985,0.157
Honduras,1986,0.085
Honduras,1987,0.092
Honduras,1988,0.123
Honduras,1989,0.075
Honduras,1990,0.156
Honduras,1991,0.18
Honduras,1992,0.163
Honduras,1993,0.111
Honduras,1994,0.106
Honduras,1995,0.111
Honduras,1996,0.142
Honduras,1997,0.15
Honduras,1998,0.15
Honduras,1999,0.879
Honduras,2000,0.878
Honduras,2001,3.553
Honduras,2002,4.984
Honduras,2003,4.494
Honduras,2004,3.683
Honduras,2005,4.439
Honduras,2006,4.055
Honduras,2007,3.012
Honduras,2008,1.846
Honduras,2009,2.127
Honduras,2010,2.2
Honduras,2011,1.893
Honduras,2012,1.859
Honduras,2013,1.985
Honduras,2014,2.839
Honduras,2015,2.736
Honduras,2016,2.607
Honduras,2017,2.596
Honduras,2018,2.148
Honduras,2019,1.76
Honduras,2020,1.79
Honduras,2021,2.574
Honduras,2022,1.911
Hungary,1982,1.5
Hungary,1983,1
Hungary,1984,0.6
Hungary,1985,0.6
Hungary,1986,0.6
Hungary,1987,0.56
Hungary,1988,0.56
Hungary,1989,0.6
Hungary,1990,0.6
Hungary,1991,0.5
Hungary,1992,0.5
Hungary,1993,0.5
Hungary,1994,0.2
India,1975,2.825
India,1976,3.132
India,1977,3.014
India,1978,2.774
India,1979,2.637
India,1980,2.452
India,1981,2.495
India,1982,2.244
India,1983,2.156
India,1984,1.988
India,1985,1.85
India,1986,1.931
India,1987,1.864
India,1988,1.942
India,1989,1.827
India,1990,1.983
India,1991,1.973
India,1992,1.85
India,1993,2.075
India,1994,2.373
India,1995,2.036
India,1996,2.71
India,1997,2.636
India,1998,2.683
India,1999,2.442
India,2000,2.615
India,2001,2.81
India,2002,3.153
India,2003,3.457
India,2004,3.526
India,2005,3.047
India,2006,2.488
India,2007,2.969
India,2008,2.438
India,2009,2.084
India,2010,2.399
India,2011,2.194
India,2012,1.588
India,2013,1.564
India,2014,1.441
India,2015,1.323
India,2016,1.595
India,2017,1.651
India,2018,1.664
India,2019,1.724
India,2020,1.127
India,2021,1.1
India,2022,1.155
Indonesia,1975,0.329
Indonesia,1976,0.355
Indonesia,1977,0.256
Indonesia,1978,0.254
Indonesia,1979,0.17
Indonesia,1980,1.716
Indonesia,1981,1.617
Indonesia,1982,2.144
Indonesia,1983,2.262
Indonesia,1984,2.279
Indonesia,1985,2.508
Indonesia,1986,3.304
Indonesia,1987,3.752
Indonesia,1988,4.731
Indonesia,1989,5.239
Indonesia,1990,10.653
Indonesia,1991,11.275
Indonesia,1992,37.978
Indonesia,1993,41.576
Indonesia,1994,45.597
Indonesia,1995,62.818
Indonesia,1996,83.564
Indonesia,1997,89.979
Indonesia,1998,124.019
Indonesia,1999,129.032
Indonesia,2000,127.192
Indonesia,2001,166.09
Indonesia,2002,142.238
Indonesia,2003,141.019
Indonesia,2004,92.936
Indonesia,2005,143.205
Indonesia,2006,93.176
Indonesia,2007,117.854
Indonesia,2008,64.39
Indonesia,2009,140.488
Indonesia,2010,119.726
Indonesia,2011,77.722
Indonesia,2012,69.291
Indonesia,2013,59.804
Indonesia,2014,69.023
Indonesia,2015,92.171
Indonesia,2016,80.868
Indonesia,2017,99.03
Indonesia,2018,111.858
Indonesia,2019,108.69
Indonesia,2020,86
Indonesia,2021,66
Indonesia,2022,105
Indonesia,2023,110
Iran,1987,0.4
Iran,1988,0.4
Iran,1989,0.4
Iran,1990,0.5
Iran,1991,0.8
Iran,1992,1
Iran,1993,0.417
Iran,1994,0.723
Iran,1995,0.37
Iran,1996,0.64
Iran,1997,0.684
Iran,1998,0.822
Iran,1999,0.76
Iran,2000,0.765
Iran,2001,0.77
Iran,2002,0.65
Iran,2003,0.5
Iran,2004,0.9
Iran,2005,0.275
Iran,2006,0.85
Iran,2007,0.252
Iran,2008,0.3
Iran,2009,0.35
Iran,2010,0.35
Iran,2011,0.915
Iran,2012,1.179
Iran,2013,1.656
Iran,2014,1.76
Iran,2015,2.358
Iran,2016,4.537
Iran,2017,7.1
Iran,2018,7.6
Iran,2019,8.14
Iran,2020,6.919
Iran,2021,7
Iran,2022,7
Italy,1997,0.331
Italy,1998,1.117
Italy,1999,0.894
Italy,2000,0.82
Italy,2001,0.522
Italy,2002,0.631
Italy,2003,0.1
Jamaica,2000,0.044
Jamaica,2001,0.214
Jamaica,2002,0.159
Jamaica,2003,0.146
Jamaica,2004,0.02
Japan,1975,4.464
Japan,1976,4.282
Japan,1977,4.635
Japan,1978,4.516
Japan,1979,4.033
Japan,1980,3.183
Japan,1981,3.087
Japan,1982,3.267
Japan,1983,3.139
Japan,1984,3.22
Japan,1985,5.309
Japan,1986,10.28
Japan,1987,8.59
Japan,1988,7.308
Japan,1989,6.097
Japan,1990,7.303
Japan,1991,8.299
Japan,1992,8.893
Japan,1993,9.352
Japan,1994,9.551
Japan,1995,9.185
Japan,1996,8.627
Japan,1997,8.384
Japan,1998,8.601
Japan,1999,9.399
Japan,2000,8.473
Japan,2001,8.162
Japan,2002,8.563
Japan,2003,8.122
Japan,2004,7.936
Japan,2005,8.319
Japan,2006,8.904
Japan,2007,8.869
Japan,2008,6.868
Japan,2009,7.709
Japan,2010,8.223
Japan,2011,8.692
Japan,2012,7.232
Japan,2013,7.411
Japan,2014,7.114
Japan,2015,7.699
Japan,2016,6.455
Japan,2017,6.369
Japan,2018,6.453
Japan,2019,6.312
Japan,2020,7.59
Japan,2021,6.225
Japan,2022,4.886
Kazakhstan,1992,24
Kazakhstan,1993,13.7
Kazakhstan,1994,14.483
Kazakhstan,1995,10.921
Kazakhstan,1996,10.3
Kazakhstan,1997,9.659
Kazakhstan,1998,8.929
Kazakhstan,1999,9.655
Kazakhstan,2000,11.529
Kazakhstan,2001,15.226
Kazakhstan,2002,10.959
Kazakhstan,2003,19.266
Kazakhstan,2004,19.261
Kazakhstan,2005,17.875
Kazakhstan,2006,21.824
Kazakhstan,2007,22.564
Kazakhstan,2008,20.825
Kazakhstan,2009,22.839
Kazakhstan,2010,30.272
Kazakhstan,2011,36.67
Kazakhstan,2012,40.006
Kazakhstan,2013,42.552
Kazakhstan,2014,50.339
Kazakhstan,2015,63.614
Kazakhstan,2016,74.737
Kazakhstan,2017,85.339
Kazakhstan,2018,100.299
Kazakhstan,2019,106.559
Kazakhstan,2020,63
Kazakhstan,2021,116
Kazakhstan,2022,115
Kazakhstan,2023,130
Kenya,1976,0.001
Kenya,1977,0.004
Kenya,1978,0.006
Kenya,1979,0.008
Kenya,1980,0.004
Kenya,1981,0.001
Kenya,1982,0.001
Kenya,1983,0.003
Kenya,1984,0.014
Kenya,1985,0.011
Kenya,1986,0.073
Kenya,1987,0.014
Kenya,1988,0.016
Kenya,1989,0.016
Kenya,1990,0.048
Kenya,1991,0.034
Kenya,1992,0.02
Kenya,1993,0.154
Kenya,1994,0.155
Kenya,1995,0.151
Kenya,1996,0.492
Kenya,1997,0.44
Kenya,1998,0.388
Kenya,1999,0.99
Kenya,2000,1.243
Kenya,2001,1.545
Kenya,2002,1.477
Kenya,2003,1.543
Kenya,2004,0.567
Kenya,2005,0.616
Kenya,2006,0.432
Kenya,2007,3.023
Kenya,2008,0.34
Kenya,2009,1.055
Kenya,2010,2.355
Kenya,2011,1.636
Kenya,2012,3.6
Kenya,2013,2.1
Kenya,2014,0.2
Kenya,2015,0.3
Kenya,2016,0.2
Kenya,2017,0.503
Kenya,2018,5.472
Kenya,2019,5.395
Kenya,2020,5.15
Kenya,2021,5.292
Kenya,2022,5.564
Kyrgyzstan,1992,1.21
Kyrgyzstan,1993,1.14
Kyrgyzstan,1994,1.53
Kyrgyzstan,1995,1.49
Kyrgyzstan,1996,1.58
Kyrgyzstan,1997,16.86
Kyrgyzstan,1998,21.311
Kyrgyzstan,1999,20.2
Kyrgyzstan,2000,22
Kyrgyzstan,2001,24.67
Kyrgyzstan,2002,17
Kyrgyzstan,2003,22.476
Kyrgyzstan,2004,21.395
Kyrgyzstan,2005,16.751
Kyrgyzstan,2006,10.3
Kyrgyzstan,2007,10.6
Kyrgyzstan,2008,18.2
Kyrgyzstan,2009,17.1
Kyrgyzstan,2010,18.5
Kyrgyzstan,2011,18.9
Kyrgyzstan,2012,10.6
Kyrgyzstan,2013,19.4
Kyrgyzstan,2014,18
Kyrgyzstan,2015,17.6
Kyrgyzstan,2016,19.7
Kyrgyzstan,2017,20.5
Kyrgyzstan,2018,19
Kyrgyzstan,2019,21.2
Kyrgyzstan,2020,19.3
Kyrgyzstan,2021,20.2
Kyrgyzstan,2022,32
Laos,1999,0
Laos,2000,0
Laos,2001,0
Laos,2002,0
Laos,2003,5.14
Laos,2004,4.392
Laos,2005,6.338
Laos,2006,6.068
Laos,2007,4.161
Laos,2008,4.333
Laos,2009,5.021
Laos,2010,5.138
Laos,2011,3.984
Laos,2012,6.415
Laos,2013,6.838
Laos,2014,5.265
Laos,2015,6.893
Laos,2016,6.729
Laos,2017,5.988
Laos,2018,5.579
Laos,2019,5.207
Laos,2020,3.484
Laos,2021,3.94
Laos,2022,4.023
Liberia,1975,0.14
Liberia,1976,0.14
Liberia,1977,0.002
Liberia,1978,0
Liberia,1979,0.034
Liberia,1980,0.225
Liberia,1981,0.525
Liberia,1982,0.381
Liberia,1983,0.449
Liberia,1984,0.328
Liberia,1985,0.147
Liberia,1986,0.61
Liberia,1987,0.657
Liberia,1988,0.677
Liberia,1989,0.734
Liberia,1990,0.6
Liberia,1991,0.6
Liberia,1992,0.7
Liberia,1993,0.7
Liberia,1994,0
Liberia,1995,0.8
Liberia,1996,0.7
Liberia,1997,0.5
Liberia,1998,0.8
Liberia,1999,0.025
Liberia,2000,0.025
Liberia,2004,0.11
Liberia,2005,0.025
Liberia,2006,0.009
Liberia,2007,0.311
Liberia,2008,0.624
Liberia,2009,0.524
Liberia,2010,0.666
Liberia,2011,0.449
Liberia,2012,0.641
Liberia,2013,0.587
Liberia,2014,0.62
Liberia,2015,0.828
Liberia,2016,4.704
Liberia,2017,6.071
Liberia,2018,7.289
Liberia,2019,5.068
Liberia,2020,4.396
Liberia,2021,7.86
Liberia,2022,11.718
Madagascar,1975,0.005
Madagascar,1976,0.002
Madagascar,1977,0.002
Madagascar,1978,0.004
Madagascar,1979,0.001
Madagascar,1980,0.004
Madagascar,1981,0.001
Madagascar,1982,0.003
Madagascar,1992,0.037
Madagascar,2001,0.294
Madagascar,2002,2.802
Madagascar,2003,0.01
Madagascar,2004,0.04
Madagascar,2005,0.01
Madagascar,2006,0.03
Madagascar,2008,0.05
Madagascar,2009,0.017
Madagascar,2010,0.046
Madagascar,2011,0.05
Madagascar,2012,0.157
Madagascar,2013,0.1
Madagascar,2014,0.1
Madagascar,2015,0.3
Madagascar,2016,0.586
Madagascar,2017,2.833
Madagascar,2018,3
Madagascar,2019,2.1
Madagascar,2020,1.5
Madagascar,2021,0
Madagascar,2022,0
Malaysia,1975,0.114
Malaysia,1976,0.141
Malaysia,1977,0.153
Malaysia,1978,0.21
Malaysia,1979,0.197
Malaysia,1980,2.05
Malaysia,1981,2.355
Malaysia,1982,2.812
Malaysia,1983,2.628
Malaysia,1984,2.788
Malaysia,1985,2.768
Malaysia,1986,2.749
Malaysia,1987,3.516
Malaysia,1988,2.928
Malaysia,1989,2.86
Malaysia,1990,2.595
Malaysia,1991,2.778
Malaysia,1992,3.513
Malaysia,1993,4.463
Malaysia,1994,4.085
Malaysia,1995,3.162
Malaysia,1996,2.829
Malaysia,1997,4.487
Malaysia,1998,3.394
Malaysia,1999,3.449
Malaysia,2000,4.026
Malaysia,2001,3.965
Malaysia,2002,4.289
Malaysia,2003,4.739
Malaysia,2004,4.221
Malaysia,2005,4.25
Malaysia,2006,3.496
Malaysia,2007,2.913
Malaysia,2008,2.49
Malaysia,2009,2.794
Malaysia,2010,3.766
Malaysia,2011,4.219
Malaysia,2012,4.625
Malaysia,2013,3.823
Malaysia,2014,4.308
Malaysia,2015,4.732
Malaysia,2016,2.249
Malaysia,2017,2.124
Malaysia,2018,2.978
Malaysia,2019,3.151
Malaysia,2020,1.716
Malaysia,2021,1.782
Malaysia,2022,1.828
Mali,1976,0.028
Mali,1977,0.029
Mali,1978,0.03
Mali,1979,0.031
Mali,1980,0.3
Mali,1981,0.5
Mali,1982,0.4
Mali,1983,0.4
Mali,1984,0.5
Mali,1985,0.5
Mali,1986,0.5
Mali,1987,0.337
Mali,1988,0.483
Mali,1989,0.699
Mali,1990,2.355
Mali,1991,2.568
Mali,1992,6.1
Mali,1993,5.9
Mali,1994,6.2
Mali,1995,7.8
Mali,1996,4.329
Mali,1997,16.323
Mali,1998,20.562
Mali,1999,23.688
Mali,2000,28.717
Mali,2001,41.273
Mali,2002,56.019
Mali,2003,45.529
Mali,2004,37.911
Mali,2005,49.23
Mali,2006,58.382
Mali,2007,52.753
Mali,2008,41.16
Mali,2009,42.364
Mali,2010,42.4
Mali,2011,41.1
Mali,2012,46.9
Mali,2013,46
Mali,2014,45.4
Mali,2015,46.5
Mali,2016,48.2
Mali,2017,51.5
Mali,2018,61
Mali,2019,63
Mali,2020,65
Mali,2021,51
Mali,2022,64
Mali,2023,60
Mauritania,1975,1.305
Mauritania,1976,0.69
Mauritania,1977,0.87
Mauritania,1978,0.25
Mauritania,1988,0
Mauritania,1992,0.702
Mauritania,1993,1.266
Mauritania,1994,1.738
Mauritania,1995,1.196
Mauritania,1996,0.189
Mauritania,2004,0
Mauritania,2005,0
Mauritania,2006,0.322
Mauritania,2007,2.332
Mauritania,2008,5.528
Mauritania,2009,7.838
Mauritania,2010,8.326
Mauritania,2011,8.198
Mauritania,2012,7.647
Mauritania,2013,9.518
Mauritania,2014,9.625
Mauritania,2015,8.802
Mauritania,2016,7.126
Mauritania,2017,9.096
Mauritania,2018,9.235
Mauritania,2019,13.554
Mauritania,2020,14.125
Mauritania,2021,6.302
Mauritania,2022,17.539
Mexico,1975,4.501
Mexico,1976,5.064
Mexico,1977,6.616
Mexico,1978,6.283
Mexico,1979,5.911
Mexico,1980,6.096
Mexico,1981,6.319
Mexico,1982,6.104
Mexico,1983,6.93
Mexico,1984,7.058
Mexico,1985,7.524
Mexico,1986,7.795
Mexico,1987,7.988
Mexico,1988,9.098
Mexico,1989,8.613
Mexico,1990,8.548
Mexico,1991,8.937
Mexico,1992,10.412
Mexico,1993,11.121
Mexico,1994,14.642
Mexico,1995,20.292
Mexico,1996,24.477
Mexico,1997,25.317
Mexico,1998,25.426
Mexico,1999,23.755
Mexico,2000,26.375
Mexico,2001,23.543
Mexico,2002,21.324
Mexico,2003,20.406
Mexico,2004,21.818
Mexico,2005,26.782
Mexico,2006,35.899
Mexico,2007,39.355
Mexico,2008,50.365
Mexico,2009,62.439
Mexico,2010,79.376
Mexico,2011,88.649
Mexico,2012,102.802
Mexico,2013,119.774
Mexico,2014,117.771
Mexico,2015,134.759
Mexico,2016,132.413
Mexico,2017,126.82
Mexico,2018,141.143
Mexico,2019,133.893
Mexico,2020,102
Mexico,2021,120
Mexico,2022,120
Mexico,2023,120
Mongolia,1990,1
Mongolia,1991,0.8
Mongolia,1992,0.9
Mongolia,1993,1.2
Mongolia,1994,1.742
Mongolia,1995,4.504
Mongolia,1996,6.976
Mongolia,1997,8.451
Mongolia,1998,9.99
Mongolia,1999,10.038
Mongolia,2000,11.485
Mongolia,2001,13.675
Mongolia,2002,12.097
Mongolia,2003,11.119
Mongolia,2004,19.418
Mongolia,2005,24.122
Mongolia,2006,21.267
Mongolia,2007,17.473
Mongolia,2008,15.184
Mongolia,2009,9.803
Mongolia,2010,6.037
Mongolia,2011,5.703
Mongolia,2012,5.995
Mongolia,2013,8.904
Mongolia,2014,19.959
Mongolia,2015,20.828
Mongolia,2016,9.331
Mongolia,2017,19.849
Mongolia,2018,20.7
Mongolia,2019,16.2
Mongolia,2020,20.2
Mongolia,2021,19.1
Mongolia,2022,19.4
Morocco,1994,0.565
Morocco,1995,0.58
Morocco,1996,0.482
Morocco,1997,0.45
Morocco,1998,0.45
Morocco,1999,0.45
Morocco,2000,0.505
Morocco,2001,1.191
Morocco,2002,2.747
Morocco,2003,1.863
Morocco,2004,1.493
Morocco,2005,1.8
Morocco,2006,1.3
Morocco,2007,0.771
Morocco,2008,0.587
Morocco,2009,0.47
Morocco,2010,0.65
Morocco,2011,0.52
Morocco,2012,0.532
Morocco,2013,0.463
Morocco,2014,0.377
Morocco,2015,0.448
Morocco,2016,0.352
Morocco,2017,0.22
Morocco,2018,0.386
Morocco,2019,0.221
Morocco,2020,0.143
Morocco,2021,0.147
Morocco,2022,0.167
Mozambique,1988,0
Mozambique,1989,0
Mozambique,1990,0.072
Mozambique,1991,0.394
Mozambique,1992,0.296
Mozambique,1993,0.149
Mozambique,1994,0.336
Mozambique,1995,0.236
Mozambique,1999,0.019
Mozambique,2000,0.023
Mozambique,2004,0.056
Mozambique,2005,0.063
Mozambique,2006,0.085
Mozambique,2007,0.097
Mozambique,2008,0.298
Mozambique,2009,0.511
Mozambique,2010,0.106
Mozambique,2011,0.111
Mozambique,2012,0.178
Mozambique,2013,0.091
Mozambique,2014,0.197
Mozambique,2015,0.242
Mozambique,2016,0.201
Mozambique,2017,0.166
Mozambique,2018,0.507
Mozambique,2019,0.43
Mozambique,2020,0.488
Mozambique,2021,0.764
Mozambique,2022,1.264
Myanmar,1988,0.031
Myanmar,1989,0.044
Myanmar,1990,0.026
Myanmar,1991,0.035
Myanmar,1992,0.031
Myanmar,1993,0.051
Myanmar,1994,0.164
Myanmar,1995,0.097
Myanmar,1996,0.172
Myanmar,1997,0.181
Myanmar,1998,0.172
Myanmar,1999,0.116
Myanmar,2000,0.1
Myanmar,2001,0.1
Myanmar,2002,0.1
Myanmar,2003,0.1
Myanmar,2004,0.1
Myanmar,2005,0.1
Myanmar,2006,0.1
Myanmar,2007,0.1
Myanmar,2008,0.1
Myanmar,2009,0.1
Myanmar,2010,0.1
Myanmar,2011,0.1
Myanmar,2012,0.787
Myanmar,2013,0.893
Myanmar,2014,1.312
Myanmar,2015,1.692
Myanmar,2016,1.446
Myanmar,2017,1.446
Myanmar,2018,1.62
Myanmar,2019,0.229
Myanmar,2020,0.716
Myanmar,2021,0.846
Myanmar,2022,0.5
Namibia,1983,0.296
Namibia,1984,0.196
Namibia,1985,0.194
Namibia,1986,0.184
Namibia,1987,0.172
Namibia,1988,0.24
Namibia,1989,0.336
Namibia,1990,1.634
Namibia,1991,1.85
Namibia,1992,2.025
Namibia,1993,1.953
Namibia,1994,2.394
Namibia,1995,2.099
Namibia,1996,2.145
Namibia,1997,2.417
Namibia,1998,1.882
Namibia,1999,2.005
Namibia,2000,2.455
Namibia,2001,2.852
Namibia,2002,2.947
Namibia,2003,2.508
Namibia,2004,2.205
Namibia,2005,2.649
Namibia,2006,2.79
Namibia,2007,2.488
Namibia,2008,2.115
Namibia,2009,2.057
Namibia,2010,2.683
Namibia,2011,2.112
Namibia,2012,2.329
Namibia,2013,2.038
Namibia,2014,4.553
Namibia,2015,6.285
Namibia,2016,6.756
Namibia,2017,7.469
Namibia,2018,6.632
Namibia,2019,6.526
Namibia,2020,6.254
Namibia,2021,7.103
Namibia,2022,6.992
New Zealand,1975,0.085
New Zealand,1976,0.102
New Zealand,1977,0.223
New Zealand,1978,0.219
New Zealand,1979,0.218
New Zealand,1980,0.2
New Zealand,1981,0.189
New Zealand,1982,0.242
New Zealand,1983,0.301
New Zealand,1984,0.672
New Zealand,1985,0.886
New Zealand,1986,1.265
New Zealand,1987,1.148
New Zealand,1988,2.404
New Zealand,1989,4.963
New Zealand,1990,4.626
New Zealand,1991,6.758
New Zealand,1992,10.531
New Zealand,1993,13.607
New Zealand,1994,10.18
New Zealand,1995,12.132
New Zealand,1996,11.571
New Zealand,1997,11.359
New Zealand,1998,7.739
New Zealand,1999,8.903
New Zealand,2000,9.88
New Zealand,2001,9.851
New Zealand,2002,9.771
New Zealand,2003,9.301
New Zealand,2004,10.151
New Zealand,2005,10.583
New Zealand,2006,10.658
New Zealand,2007,8.833
New Zealand,2008,13.075
New Zealand,2009,13.073
New Zealand,2010,12.24
New Zealand,2011,11.738
New Zealand,2012,10.049
New Zealand,2013,12.468
New Zealand,2014,11.989
New Zealand,2015,12.687
New Zealand,2016,9.866
New Zealand,2017,10.288
New Zealand,2018,10.045
New Zealand,2019,8.217
New Zealand,2020,5.86
New Zealand,2021,5.815
New Zealand,2022,6.674
Nicaragua,1975,2.186
Nicaragua,1976,2.359
Nicaragua,1977,2.046
Nicaragua,1978,2.3
Nicaragua,1979,1.9
Nicaragua,1980,1.87
Nicaragua,1981,1.926
Nicaragua,1982,1.692
Nicaragua,1983,1.444
Nicaragua,1984,1.1
Nicaragua,1985,0.753
Nicaragua,1986,0.893
Nicaragua,1987,0.948
Nicaragua,1988,0.881
Nicaragua,1989,1.421
Nicaragua,1990,1.058
Nicaragua,1991,1.014
Nicaragua,1992,1.188
Nicaragua,1993,1.241
Nicaragua,1994,1.045
Nicaragua,1995,1.518
Nicaragua,1996,2.058
Nicaragua,1997,2.563
Nicaragua,1998,3.834
Nicaragua,1999,4.448
Nicaragua,2000,3.672
Nicaragua,2001,3.84
Nicaragua,2002,3.494
Nicaragua,2003,3.096
Nicaragua,2004,4.064
Nicaragua,2005,3.674
Nicaragua,2006,3.395
Nicaragua,2007,3.33
Nicaragua,2008,2.96
Nicaragua,2009,2.59
Nicaragua,2010,4.877
Nicaragua,2011,6.395
Nicaragua,2012,6.981
Nicaragua,2013,8.611
Nicaragua,2014,8.237
Nicaragua,2015,7.612
Nicaragua,2016,8.391
Nicaragua,2017,7.367
Nicaragua,2018,7.703
Nicaragua,2019,9.19
Nicaragua,2020,7.935
Nicaragua,2021,10.84
Nicaragua,2022,11.46
Niger,1995,0.1
Niger,1999,0.021
Niger,2000,0.025
Niger,2001,0.03
Niger,2002,0.028
Niger,2003,0.034
Niger,2004,1.59
Niger,2005,4.962
Niger,2006,2.615
Niger,2007,3.427
Niger,2008,2.314
Niger,2009,1.985
Niger,2010,1.95
Niger,2011,1.957
Niger,2012,1.677
Niger,2013,1.041
Niger,2014,0.732
Niger,2015,1.22
Niger,2016,0.999
Niger,2017,0.914
Niger,2018,6.207
Niger,2019,5.224
Niger,2020,2.361
Niger,2021,4.01
Niger,2022,2.601
Nigeria,1999,0.04
Nigeria,2000,0.052
Nigeria,2004,0.03
Nigeria,2005,0.04
Nigeria,2006,0.04
Nigeria,2007,0.18
Nigeria,2008,2.89
Nigeria,2009,1.35
Nigeria,2010,3.718
Nigeria,2011,3.7
Nigeria,2012,4.303
Nigeria,2013,6.261
Nigeria,2014,6.3
Nigeria,2015,15
Nigeria,2016,21
Nigeria,2017,19
Nigeria,2018,18
Nigeria,2019,9
Nigeria,2020,5
Nigeria,2021,3
Nigeria,2022,12
North Korea,1975,5
North Korea,1976,5
North Korea,1977,5
North Korea,1978,5
North Korea,1979,5
North Korea,1980,5
North Korea,1981,5
North Korea,1982,5
North Korea,1983,5
North Korea,1984,5
North Korea,1985,5
North Korea,1986,5
North Korea,1987,5
North Korea,1988,5
North Korea,1989,5
North Korea,1990,5
North Korea,1991,5
North Korea,1992,5
North Korea,1993,5
North Korea,1994,5
North Korea,1995,5
North Korea,1996,0.5
North Korea,1997,0.5
North Korea,1998,0.5
North Korea,2003,2
North Korea,2004,2
North Korea,2005,2
North Korea,2006,2
North Korea,2007,2
North Korea,2008,2
North Korea,2009,2
North Korea,2014,10
North Korea,2015,10
North Korea,2016,10
North Korea,2017,10
North Korea,2018,10
North Korea,2019,10
North Korea,2020,10
North Korea,2021,10
North Korea,2022,10
North Macedonia,2012,0
North Macedonia,2013,0.49
North Macedonia,2014,0.48
North Macedonia,2015,0.494
North Macedonia,2016,0.664
North Macedonia,2017,0.972
North Macedonia,2018,0.767
North Macedonia,2019,0.593
North Macedonia,2020,0.448
North Macedonia,2021,0.5
North Macedonia,2022,0.6
Oman,1990,0.054
Oman,1991,0.058
Oman,1992,0.387
Oman,1993,0.431
Oman,1994,0.122
Oman,1995,0.611
Oman,1996,0.592
Oman,1997,0.584
Oman,1998,0.579
Oman,1999,0.597
Oman,2000,0.551
Oman,2001,0.603
Oman,2002,0.188
Oman,2003,0.004
Oman,2004,0.192
Oman,2005,0.35
Oman,2006,0.358
Oman,2007,0.248
Oman,2008,0.118
Oman,2017,0.003
Panama,1992,0.25
Panama,1993,0.266
Panama,1994,0.272
Panama,1995,0.283
Panama,1996,0.834
Panama,1997,1.202
Panama,1998,1.517
Panama,1999,1.5
Panama,2000,0
Panama,2001,0
Panama,2006,0
Panama,2007,0
Panama,2008,0
Panama,2009,0.973
Panama,2010,1.667
Panama,2011,2.057
Panama,2012,2.208
Panama,2013,1.12
Panama,2014,0.1
Panama,2015,0.1
Panama,2016,0.1
Panama,2017,0.1
Panama,2018,0.1
Panama,2019,1.969
Panama,2020,2.733
Panama,2021,4.505
Panama,2022,4.447
Papua New Guinea,1975,19.827
Papua New Guinea,1976,20.759
Papua New Guinea,1977,22.839
Papua New Guinea,1978,23.885
Papua New Guinea,1979,20.172
Papua New Guinea,1980,14.73
Papua New Guinea,1981,16.972
Papua New Guinea,1982,17.775
Papua New Guinea,1983,18.32
Papua New Guinea,1984,18.573
Papua New Guinea,1985,31.025
Papua New Guinea,1986,37.305
Papua New Guinea,1987,35.937
Papua New Guinea,1988,38.089
Papua New Guinea,1989,31.137
Papua New Guinea,1990,34.28
Papua New Guinea,1991,60.782
Papua New Guinea,1992,71.19
Papua New Guinea,1993,60.587
Papua New Guinea,1994,58.654
Papua New Guinea,1995,51.701
Papua New Guinea,1996,51.573
Papua New Guinea,1997,48.482
Papua New Guinea,1998,61.641
Papua New Guinea,1999,65.747
Papua New Guinea,2000,74.54
Papua New Guinea,2001,67.043
Papua New Guinea,2002,61.379
Papua New Guinea,2003,67.832
Papua New Guinea,2004,73.5
Papua New Guinea,2005,68.2
Papua New Guinea,2006,58.349
Papua New Guinea,2007,57.549
Papua New Guinea,2008,67.466
Papua New Guinea,2009,68.173
Papua New Guinea,2010,66.901
Papua New Guinea,2011,62.271
Papua New Guinea,2012,57.021
Papua New Guinea,2013,61.878
Papua New Guinea,2014,56.148
Papua New Guinea,2015,57.64
Papua New Guinea,2016,61.952
Papua New Guinea,2017,65.246
Papua New Guinea,2018,67.562
Papua New Guinea,2019,74.386
Papua New Guinea,2020,54
Papua New Guinea,2021,54
Papua New Guinea,2022,50
Peru,1975,3.135
Peru,1976,2.47
Peru,1977,3.247
Peru,1978,3.504
Peru,1979,4.155
Peru,1980,3.87
Peru,1981,4.821
Peru,1982,4.306
Peru,1983,5.242
Peru,1984,5.829
Peru,1985,6.621
Peru,1986,8.846
Peru,1987,8.933
Peru,1988,9.72
Peru,1989,9.898
Peru,1990,9.097
Peru,1991,22.606
Peru,1992,24.242
Peru,1993,30.318
Peru,1994,47.8
Peru,1995,57.743
Peru,1996,64.885
Peru,1997,77.94
Peru,1998,94.214
Peru,1999,128.486
Peru,2000,132.585
Peru,2001,138.022
Peru,2002,157.298
Peru,2003,172.619
Peru,2004,173.219
Peru,2005,207.822
Peru,2006,202.822
Peru,2007,170.128
Peru,2008,179.87
Peru,2009,182.39
Peru,2010,164.07
Peru,2011,166.168
Peru,2012,161.545
Peru,2013,151.486
Peru,2014,140.09
Peru,2015,146.823
Peru,2016,153.006
Peru,2017,151.964
Peru,2018,140.211
Peru,2019,128.413
Peru,2020,87
Peru,2021,97
Peru,2022,97
Peru,2023,90
Philippines,1975,15.632
Philippines,1976,15.589
Philippines,1977,17.373
Philippines,1978,18.243
Philippines,1979,16.646
Philippines,1980,20.025
Philippines,1981,23.586
Philippines,1982,25.954
Philippines,1983,25.397
Philippines,1984,25.727
Philippines,1985,33.063
Philippines,1986,35.43
Philippines,1987,32.78
Philippines,1988,30.492
Philippines,1989,29.992
Philippines,1990,24.591
Philippines,1991,25.916
Philippines,1992,25.609
Philippines,1993,24.917
Philippines,1994,27.307
Philippines,1995,27.026
Philippines,1996,30.18
Philippines,1997,32.199
Philippines,1998,34.049
Philippines,1999,31.05
Philippines,2000,36.541
Philippines,2001,33.841
Philippines,2002,36.005
Philippines,2003,37.844
Philippines,2004,35.464
Philippines,2005,37.49
Philippines,2006,36.141
Philippines,2007,38.792
Philippines,2008,35.568
Philippines,2009,37.047
Philippines,2010,40.847
Philippines,2011,31.12
Philippines,2012,15.762
Philippines,2013,17.248
Philippines,2014,18.423
Philippines,2015,21.314
Philippines,2016,23.053
Philippines,2017,22.749
Philippines,2018,20.765
Philippines,2019,20.646
Philippines,2020,17.564
Philippines,2021,25.333
Philippines,2022,29.007
Poland,1994,0.628
Poland,1995,0.51
Poland,1996,0.598
Poland,1997,0.375
Poland,1998,0.409
Poland,1999,0.489
Poland,2000,0.367
Poland,2001,0.349
Poland,2002,0.296
Poland,2003,0.356
Poland,2004,0.527
Poland,2005,0.713
Poland,2006,1.7
Poland,2007,0.883
Poland,2008,0.902
Poland,2009,0.6
Poland,2010,0.5
Poland,2011,0.4
Poland,2012,0.469
Poland,2013,0.431
Poland,2014,0.226
Poland,2015,0.431
Poland,2016,0.402
Poland,2017,0.572
Poland,2018,0.523
Poland,2019,0.674
Poland,2020,0.878
Poland,2021,0.768
Poland,2022,0.769
Portugal,1975,0.356
Portugal,1976,0.312
Portugal,1977,0.275
Portugal,1978,0.284
Portugal,1979,0.32
Portugal,1980,0.244
Portugal,1981,0.244
Portugal,1982,0.211
Portugal,1983,0.199
Portugal,1984,0.193
Portugal,1985,0.229
Portugal,1986,0.303
Portugal,1987,0.32
Portugal,1988,0.317
Portugal,1989,0.294
Portugal,1990,0.276
Portugal,1991,0.264
Portugal,1992,0.149
Romania,1975,1.9
Romania,1976,1.9
Romania,1977,2
Romania,1978,2
Romania,1979,2
Romania,1980,2
Romania,1981,2
Romania,1982,2
Romania,1983,2
Romania,1984,2
Romania,1985,5
Romania,1986,5
Romania,1987,5
Romania,1988,5
Romania,1989,6
Romania,1990,5
Romania,1991,6
Romania,1992,3.7
Romania,1993,4
Romania,1994,4
Romania,1995,4
Romania,1996,4
Romania,1997,4
Romania,1998,2
Romania,1999,1.8
Romania,2000,1.2
Romania,2001,1.6
Romania,2002,1.137
Romania,2003,1.878
Romania,2004,1.43
Romania,2005,0.5
Romania,2006,0.5
Romania,2007,0.5
Romania,2008,0.5
Romania,2009,0.5
Romania,2010,0.5
Romania,2011,0.5
Romania,2012,0.5
Romania,2013,0.5
Romania,2014,0.5
Romania,2015,0.5
Romania,2016,0.5
Romania,2017,0.961
Romania,2018,0.5
Romania,2019,0.5
Romania,2020,0.5
Romania,2021,0.5
Romania,2022,0.5
Russia,1992,134.521
Russia,1993,144.196
Russia,1994,136.818
Russia,1995,127.838
Russia,1996,119.856
Russia,1997,123.937
Russia,1998,113.807
Russia,1999,125.87
Russia,2000,142.5
Russia,2001,152.641
Russia,2002,168.393
Russia,2003,170.068
Russia,2004,169.297
Russia,2005,163.186
Russia,2006,159.34
Russia,2007,156.912
Russia,2008,184.488
Russia,2009,205.236
Russia,2010,201.3
Russia,2011,188.748
Russia,2012,200.345
Russia,2013,214.7
Russia,2014,249.1
Russia,2015,256.5
Russia,2016,253.2
Russia,2017,270.3
Russia,2018,279.9
Russia,2019,305.1
Russia,2020,305
Russia,2021,320
Russia,2022,310
Russia,2023,310
Rwanda,1976,0.029
Rwanda,1977,0.056
Rwanda,1978,0.035
Rwanda,1979,0.015
Rwanda,1980,0.046
Rwanda,1981,0.049
Rwanda,1982,0.015
Rwanda,1983,0.039
Rwanda,1984,0.008
Rwanda,1985,0.008
Rwanda,1986,0.006
Rwanda,1987,0.008
Rwanda,1988,0.016
Rwanda,1989,0.745
Rwanda,1990,2.163
Rwanda,1991,0.963
Rwanda,1992,1
Rwanda,1993,1
Rwanda,1994,0.1
Rwanda,1999,0.01
Rwanda,2000,0.01
Rwanda,2011,0.011
Rwanda,2012,0
Rwanda,2013,0
Rwanda,2014,0.319
Rwanda,2015,2
Rwanda,2016,4.9
Rwanda,2017,8.8
Rwanda,2018,18.1
Rwanda,2019,11.4
Rwanda,2020,11.532
Rwanda,2021,6.341
Rwanda,2022,9.47
Saudi Arabia,1989,2.901
Saudi Arabia,1990,3.536
Saudi Arabia,1991,4.808
Saudi Arabia,1992,6.15
Saudi Arabia,1993,7.525
Saudi Arabia,1994,7.63
Saudi Arabia,1995,8.08
Saudi Arabia,1996,7.53
Saudi Arabia,1997,7.26
Saudi Arabia,1998,5.153
Saudi Arabia,1999,4.579
Saudi Arabia,2000,3.637
Saudi Arabia,2001,2.5
Saudi Arabia,2002,4.6
Saudi Arabia,2003,8.5
Saudi Arabia,2004,8.268
Saudi Arabia,2005,7.457
Saudi Arabia,2006,5.182
Saudi Arabia,2007,4.438
Saudi Arabia,2008,4.527
Saudi Arabia,2009,4.857
Saudi Arabia,2010,4.4
Saudi Arabia,2011,4.611
Saudi Arabia,2012,4.285
Saudi Arabia,2013,4.158
Saudi Arabia,2014,4.789
Saudi Arabia,2015,5.089
Saudi Arabia,2016,7.01
Saudi Arabia,2017,10.333
Saudi Arabia,2018,11.831
Saudi Arabia,2019,12.258
Saudi Arabia,2020,12.715
Saudi Arabia,2021,9.639
Saudi Arabia,2022,13.375
Senegal,1998,0.55
Senegal,1999,0.55
Senegal,2000,0.55
Senegal,2001,0.55
Senegal,2002,0.6
Senegal,2003,0.6
Senegal,2004,0.6
Senegal,2005,0.6
Senegal,2006,0.6
Senegal,2007,0.6
Senegal,2008,0.6
Senegal,2009,5.655
Senegal,2010,5.354
Senegal,2011,4.089
Senegal,2012,6.666
Senegal,2013,6.445
Senegal,2014,6.588
Senegal,2015,7.8
Senegal,2016,9.7
Senegal,2017,11.7
Senegal,2018,14.9
Senegal,2019,16.1
Senegal,2020,14.6
Senegal,2021,18.8
Senegal,2022,16.2
Serbia,2006,0.33
Serbia,2007,0.5
Serbia,2008,0.712
Serbia,2009,0.818
Serbia,2010,0.856
Serbia,2011,1.534
Serbia,2012,0.9
Serbia,2013,1.154
Serbia,2014,1.31
Serbia,2015,1.186
Serbia,2016,0.805
Serbia,2017,1.199
Serbia,2018,0.839
Serbia,2019,1.452
Serbia,2020,1.55
Serbia,2021,4.796
Serbia,2022,7.29
Serbia and Montenegro,1992,7.33
Serbia and Montenegro,1993,3.504
Serbia and Montenegro,1994,2.437
Serbia and Montenegro,1995,2.856
Serbia and Montenegro,1996,3.25
Serbia and Montenegro,1997,3.014
Serbia and Montenegro,1998,2.684
Serbia and Montenegro,1999,1.26
Serbia and Montenegro,2000,1.121
Serbia and Montenegro,2001,0
Serbia and Montenegro,2002,0.858
Serbia and Montenegro,2003,0.363
Serbia and Montenegro,2004,0.328
Serbia and Montenegro,2005,0.33
Sierra Leone,1979,0
Sierra Leone,1980,0.013
Sierra Leone,1981,0.123
Sierra Leone,1982,0.271
Sierra Leone,1983,0.37
Sierra Leone,1984,0.57
Sierra Leone,1985,0.591
Sierra Leone,1986,0.35
Sierra Leone,1987,0.3
Sierra Leone,1988,0.02
Sierra Leone,1989,0.07
Sierra Leone,1990,0.032
Sierra Leone,1991,0.026
Sierra Leone,1992,0.093
Sierra Leone,1993,0.157
Sierra Leone,1994,0.111
Sierra Leone,2004,0.024
Sierra Leone,2005,0.048
Sierra Leone,2006,0.071
Sierra Leone,2007,0.212
Sierra Leone,2008,0.196
Sierra Leone,2009,0.157
Sierra Leone,2010,0.27
Sierra Leone,2011,0.164
Sierra Leone,2012,0.141
Sierra Leone,2013,0.096
Sierra Leone,2014,0.043
Sierra Leone,2015,0.106
Sierra Leone,2016,0.188
Sierra Leone,2017,0.142
Sierra Leone,2018,0.464
Sierra Leone,2019,0.075
Sierra Leone,2020,0.014
Sierra Leone,2021,0.117
Sierra Leone,2022,0.15
Slovakia,1994,0.372
Slovakia,1995,0.518
Slovakia,1996,0.492
Slovakia,1997,0.458
Slovakia,1998,0.34
Slovakia,1999,0.363
Slovakia,2000,0.306
Slovakia,2001,0.157
Slovakia,2002,0.077
Slovakia,2003,0.079
Slovakia,2004,0.107
Slovakia,2005,0.109
Slovakia,2006,0.084
Slovakia,2007,0.092
Slovakia,2008,0.198
Slovakia,2009,0.346
Slovakia,2010,0.534
Slovakia,2011,0.398
Slovakia,2012,0.546
Slovakia,2013,0.533
Slovakia,2014,0.582
Slovakia,2015,0.603
Slovakia,2016,0.466
Slovakia,2017,0.447
Slovakia,2018,0.515
Slovakia,2019,0.346
Slovakia,2020,0.336
Slovakia,2021,0.392
Slovakia,2022,0.399
Solomon Islands,1975,0.025
Solomon Islands,1976,0.024
Solomon Islands,1977,0.014
Solomon Islands,1978,0.018
Solomon Islands,1979,0.022
Solomon Islands,1980,0.034
Solomon Islands,1981,0.033
Solomon Islands,1982,0.041
Solomon Islands,1983,0.035
Solomon Islands,1984,0.08
Solomon Islands,1985,0.029
Solomon Islands,1986,0.098
Solomon Islands,1987,0.074
Solomon Islands,1988,0.05
Solomon Islands,1989,0.039
Solomon Islands,1990,0.053
Solomon Islands,1991,0.05
Solomon Islands,1994,0.017
Solomon Islands,1995,0.016
Solomon Islands,1996,0.004
Solomon Islands,1998,1.415
Solomon Islands,1999,3.426
Solomon Islands,2000,1.615
Solomon Islands,2004,0.06
Solomon Islands,2005,0.02
Solomon Islands,2006,0.02
Solomon Islands,2007,0.093
Solomon Islands,2008,0.141
Solomon Islands,2009,0.13
Solomon Islands,2010,0.13
Solomon Islands,2011,1.588
Solomon Islands,2012,2.109
Solomon Islands,2013,1.826
Solomon Islands,2014,0.603
South Africa,1975,713.447
South Africa,1976,713.39
South Africa,1977,699.887
South Africa,1978,704.449
South Africa,1979,703.473
South Africa,1980,675.096
South Africa,1981,657.67
South Africa,1982,664.42
South Africa,1983,679.665
South Africa,1984,681.93
South Africa,1985,672.944
South Africa,1986,640.026
South Africa,1987,607
South Africa,1988,621
South Africa,1989,607.474
South Africa,1990,605.1
South Africa,1991,601.013
South Africa,1992,613.036
South Africa,1993,619.325
South Africa,1994,579.909
South Africa,1995,523.815
South Africa,1996,498.25
South Africa,1997,490.6
South Africa,1998,465.1
South Africa,1999,451.2
South Africa,2000,430.778
South Africa,2001,394.757
South Africa,2002,398.258
South Africa,2003,372.766
South Africa,2004,337.223
South Africa,2005,294.803
South Africa,2006,272.128
South Africa,2007,252.345
South Africa,2008,212.744
South Africa,2009,197.628
South Africa,2010,188.702
South Africa,2011,180.184
South Africa,2012,154.18
South Africa,2013,159.724
South Africa,2014,151.622
South Africa,2015,144.515
South Africa,2016,142.077
South Africa,2017,136.833
South Africa,2018,117.15
South Africa,2019,105.185
South Africa,2020,96
South Africa,2021,107
South Africa,2022,89
South Africa,2023,100
South Korea,1975,0.415
South Korea,1976,0.583
South Korea,1977,0.665
South Korea,1978,0.852
South Korea,1979,0.749
South Korea,1980,1.282
South Korea,1981,1.342
South Korea,1982,1.734
South Korea,1983,2.242
South Korea,1984,2.462
South Korea,1985,2.403
South Korea,1986,4.649
South Korea,1987,7.6
South Korea,1988,11.121
South Korea,1989,14.27
South Korea,1990,20.76
South Korea,1991,20.809
South Korea,1992,6.22
South Korea,1993,1.438
South Korea,1994,1.374
South Korea,1995,1.226
South Korea,1996,0.995
South Korea,1997,0.611
South Korea,2000,0.013
South Korea,2001,0.01
South Korea,2002,0.188
South Korea,2003,0.528
South Korea,2004,0.233
South Korea,2005,0.26
South Korea,2006,0.277
South Korea,2007,0.162
South Korea,2008,0.175
South Korea,2009,0.274
South Korea,2010,0.235
South Korea,2011,0.209
South Korea,2012,0.336
South Korea,2013,0.413
South Korea,2014,0.284
South Korea,2015,0.258
South Korea,2016,0.205
South Korea,2017,0.283
South Korea,2018,0.239
South Korea,2019,0.181
South Korea,2020,0.189
South Korea,2021,0.162
South Korea,2022,0.076
South Sudan,2013,0.2
South Sudan,2014,0.2
South Sudan,2015,0.2
South Sudan,2016,0.2
South Sudan,2017,0.2
South Sudan,2018,0.2
South Sudan,2019,0.2
South Sudan,2020,0.2
South Sudan,2021,0.2
South Sudan,2022,0.2
Spain,1975,3.361
Spain,1976,4.317
Spain,1977,0.293
Spain,1978,0.344
Spain,1979,0.352
Spain,1980,3.364
Spain,1981,4.201
Spain,1982,3.742
Spain,1983,5.434
Spain,1984,8.097
Spain,1985,10.254
Spain,1986,4.092
Spain,1987,5.505
Spain,1988,5.571
Spain,1989,7.719
Spain,1990,6.814
Spain,1991,7.42
Spain,1992,6.572
Spain,1993,8.5
Spain,1994,7.813
Spain,1995,4.131
Spain,1996,4.241
Spain,1997,3.343
Spain,1998,5.791
Spain,1999,5.203
Spain,2000,4.304
Spain,2001,4.277
Spain,2002,5.559
Spain,2003,5.417
Spain,2004,5.251
Spain,2005,2.145
Spain,2006,1.565
Spain,2008,0
Spain,2009,0
Spain,2010,0
Spain,2011,0.529
Spain,2012,1.529
Spain,2013,2.052
Spain,2014,1.958
Spain,2015,2.128
Spain,2016,1.291
Spain,2017,1.605
Spain,2018,1.991
Spain,2019,1.913
Spain,2020,1.602
Spain,2021,1.4
Spain,2022,1.359
Sudan,1979,0.01
Sudan,1980,0.01
Sudan,1981,0.01
Sudan,1982,0.012
Sudan,1983,0.04
Sudan,1984,0.03
Sudan,1985,0.052
Sudan,1986,0.053
Sudan,1987,0.076
Sudan,1988,0.05
Sudan,1989,0.15
Sudan,1990,0.15
Sudan,1991,0.15
Sudan,1992,0.973
Sudan,1993,1.6
Sudan,1994,2.5
Sudan,1995,3.7
Sudan,1996,4.5
Sudan,1997,5
Sudan,1998,5.671
Sudan,1999,5.565
Sudan,2000,5.773
Sudan,2001,5.438
Sudan,2002,5.258
Sudan,2003,5.5
Sudan,2004,4.239
Sudan,2005,4.739
Sudan,2006,3.246
Sudan,2007,2.701
Sudan,2008,7.508
Sudan,2009,14.914
Sudan,2010,34
Sudan,2011,46.1
Sudan,2012,44.5
Sudan,2013,70
Sudan,2014,73.3
Sudan,2015,82.4
Sudan,2016,93.4
Sudan,2017,107.3
Sudan,2018,93.6
Sudan,2019,55.4
Sudan,2020,90
Sudan,2021,50
Sudan,2022,50
Suriname,1975,0.005
Suriname,1976,0.001
Suriname,1977,0.012
Suriname,1978,0.009
Suriname,1979,0.006
Suriname,1980,0.005
Suriname,1981,0.025
Suriname,2000,0
Suriname,2001,0
Suriname,2002,0
Suriname,2003,0
Suriname,2004,8.513
Suriname,2005,10.619
Suriname,2006,10.426
Suriname,2007,8.585
Suriname,2008,10.29
Suriname,2009,12.834
Suriname,2010,12.932
Suriname,2011,12.605
Suriname,2012,12.507
Suriname,2013,11.001
Suriname,2014,10.641
Suriname,2015,9.396
Suriname,2016,12.926
Suriname,2017,25.844
Suriname,2018,26.002
Suriname,2019,24.516
Suriname,2020,21.959
Suriname,2021,19.439
Suriname,2022,20.373
Sweden,1975,1.965
Sweden,1976,1.934
Sweden,1977,2.113
Sweden,1978,2.373
Sweden,1979,2.308
Sweden,1980,2.027
Sweden,1981,2.039
Sweden,1982,2.447
Sweden,1983,3.369
Sweden,1984,4.408
Sweden,1985,4.631
Sweden,1986,4.514
Sweden,1987,4.108
Sweden,1988,3.59
Sweden,1989,5.12
Sweden,1990,6.326
Sweden,1991,6.247
Sweden,1992,6.164
Sweden,1993,6.548
Sweden,1994,6.364
Sweden,1995,6.528
Sweden,1996,6.145
Sweden,1997,6.777
Sweden,1998,5.944
Sweden,1999,4.202
Sweden,2000,3.57
Sweden,2001,4.986
Sweden,2002,5.757
Sweden,2003,5.9
Sweden,2004,6.564
Sweden,2005,6.564
Sweden,2006,6.848
Sweden,2007,5.159
Sweden,2008,4.953
Sweden,2009,5.542
Sweden,2010,6.285
Sweden,2011,5.994
Sweden,2012,6.015
Sweden,2013,6.53
Sweden,2014,6.849
Sweden,2015,6.028
Sweden,2016,6.463
Sweden,2017,7.858
Sweden,2018,7.866
Sweden,2019,7.972
Sweden,2020,8.249
Sweden,2021,8.805
Sweden,2022,8.054
Taiwan,1975,0.688
Taiwan,1976,0.838
Taiwan,1977,0.466
Taiwan,1978,0.417
Taiwan,1979,0.443
Taiwan,1980,0.413
Taiwan,1981,1.763
Taiwan,1982,2.232
Taiwan,1983,1.629
Taiwan,1984,1.176
Taiwan,1985,0.953
Taiwan,1986,0.91
Taiwan,1987,0.536
Taiwan,1988,0.237
Taiwan,1989,0.269
Taiwan,1990,0.072
Taiwan,1991,0
Taiwan,2004,0
Taiwan,2005,0
Taiwan,2006,0
Taiwan,2007,0
Taiwan,2013,0.004
Taiwan,2014,0.005
Taiwan,2015,0.002
Taiwan,2016,0
Taiwan,2017,0.004
Taiwan,2018,0.004
Taiwan,2019,0.006
Taiwan,2020,0.003
Taiwan,2021,0.001
Taiwan,2022,0.001
Tajikistan,1992,0.5
Tajikistan,1993,1.1
Tajikistan,1994,0.5
Tajikistan,1995,0.3
Tajikistan,1996,1.45
Tajikistan,1997,2.55
Tajikistan,1998,3.2
Tajikistan,1999,2.7
Tajikistan,2000,2.7
Tajikistan,2001,2.7
Tajikistan,2002,2.7
Tajikistan,2003,2.37
Tajikistan,2004,2.161
Tajikistan,2005,1.927
Tajikistan,2006,1.92
Tajikistan,2007,2
Tajikistan,2008,1.672
Tajikistan,2009,1.361
Tajikistan,2010,2.049
Tajikistan,2011,2.24
Tajikistan,2012,2.4
Tajikistan,2013,2.67
Tajikistan,2014,3.436
Tajikistan,2015,4.4
Tajikistan,2016,5
Tajikistan,2017,5.5
Tajikistan,2018,6.432
Tajikistan,2019,8.1
Tajikistan,2020,8.764
Tajikistan,2021,8.4
Tajikistan,2022,9.3
Tanzania,1977,0
Tanzania,1978,0.004
Tanzania,1979,0.009
Tanzania,1980,0.003
Tanzania,1981,0.009
Tanzania,1982,0.007
Tanzania,1983,0.024
Tanzania,1984,0.039
Tanzania,1985,0.055
Tanzania,1986,0.085
Tanzania,1987,0.201
Tanzania,1988,0.164
Tanzania,1989,0.112
Tanzania,1990,1.643
Tanzania,1991,3.851
Tanzania,1992,4.525
Tanzania,1993,3.37
Tanzania,1994,2.861
Tanzania,1995,0.32
Tanzania,1996,0.318
Tanzania,1997,0.232
Tanzania,1998,0.427
Tanzania,1999,4.89
Tanzania,2000,15.06
Tanzania,2001,30.088
Tanzania,2002,43.32
Tanzania,2003,48.018
Tanzania,2004,48.176
Tanzania,2005,47.27
Tanzania,2006,39.75
Tanzania,2007,40.193
Tanzania,2008,36.434
Tanzania,2009,39.113
Tanzania,2010,39.448
Tanzania,2011,37.085
Tanzania,2012,39.012
Tanzania,2013,42.534
Tanzania,2014,40.481
Tanzania,2015,43.293
Tanzania,2016,45.155
Tanzania,2017,43.489
Tanzania,2018,39.304
Tanzania,2019,48.408
Tanzania,2020,47
Tanzania,2021,60
Tanzania,2022,57
Tanzania,2023,60
Thailand,1992,0
Thailand,1997,0
Thailand,2000,0
Thailand,2001,0.313
Thailand,2002,4.95
Thailand,2003,4.269
Thailand,2004,4.507
Thailand,2005,4.393
Thailand,2006,3.47
Thailand,2007,3.401
Thailand,2008,2.721
Thailand,2009,5.4
Thailand,2010,5.3
Thailand,2011,5.568
Thailand,2012,4.895
Thailand,2013,4.419
Thailand,2014,4.576
Thailand,2015,3.305
Thailand,2016,4.25
Thailand,2017,0
Togo,2005,6.179
Togo,2006,7.184
Togo,2007,10.159
Togo,2008,11.835
Togo,2009,12.955
Togo,2010,10.452
Togo,2011,16.469
Togo,2012,18.551
Togo,2013,21.086
Togo,2014,20.583
Togo,2015,15.568
Togo,2016,14
Togo,2017,20
Togo,2018,10
Togo,2019,8.227
Togo,2020,3.565
Togo,2021,3.6
Togo,2022,3.6
Turkey,1992,1.25
Turkey,1993,1.11
Turkey,1994,0.996
Turkey,1995,1.2
Turkey,1996,1.2
Turkey,1997,1
Turkey,1998,1
Turkey,1999,1.2
Turkey,2000,0.5
Turkey,2001,1.1
Turkey,2002,4.5
Turkey,2003,5.37
Turkey,2004,3.26
Turkey,2005,4.17
Turkey,2006,8.04
Turkey,2007,9.92
Turkey,2008,11.016
Turkey,2009,14.47
Turkey,2010,16.89
Turkey,2011,24
Turkey,2012,29.39
Turkey,2013,33.98
Turkey,2014,31.26
Turkey,2015,27.8
Turkey,2016,24.03
Turkey,2017,23.09
Turkey,2018,28
Turkey,2019,38
Turkey,2020,42.1
Turkey,2021,39.29
Turkey,2022,31.02
USSR,1975,250
USSR,1976,250
USSR,1977,250
USSR,1978,250
USSR,1979,255
USSR,1980,258
USSR,1981,263
USSR,1982,266
USSR,1983,312
USSR,1984,300
USSR,1985,271
USSR,1986,275
USSR,1987,260
USSR,1988,277.6
USSR,1989,304
USSR,1990,302
USSR,1991,240
Uganda,1979,0.062
Uganda,1980,0.282
Uganda,1981,0.304
Uganda,1982,0.215
Uganda,1990,0.075
Uganda,1991,0.776
Uganda,1992,0.018
Uganda,1993,0.104
Uganda,1994,0.216
Uganda,1995,3.094
Uganda,1996,5.067
Uganda,1997,6.819
Uganda,1998,5.029
Uganda,1999,5.558
Uganda,2000,9.86
Uganda,2001,6.09
Uganda,2002,7.59
Uganda,2003,4.16
Uganda,2004,1.447
Uganda,2005,1.5
Uganda,2006,2.192
Uganda,2007,2.543
Uganda,2008,2.055
Uganda,2013,0.005
Uganda,2014,0.024
Uganda,2015,0.013
Uganda,2016,0.011
Uganda,2017,0.004
Uganda,2018,0.012
Uganda,2019,0.01
Uganda,2020,0.007
Uganda,2021,0.007
Uganda,2022,0.007
Ukraine,1999,0.024
Ukraine,2000,0.135
United Kingdom,2004,0
United Kingdom,2005,0
United Kingdom,2006,0
United Kingdom,2007,0.088
United Kingdom,2008,0.163
United Kingdom,2009,0.187
United Kingdom,2010,0.177
United Kingdom,2011,0.202
United Kingdom,2012,0.102
United Kingdom,2013,0.042
United Kingdom,2014,0
United Kingdom,2015,0
United Kingdom,2016,0.006
United Kingdom,2017,0
United Kingdom,2018,0
United Kingdom,2019,0.05
United Kingdom,2020,0.028
United Kingdom,2021,0.079
United Kingdom,2022,0.266
United States,1975,32.729
United States,1976,32.598
United States,1977,34.225
United States,1978,31.068
United States,1979,29.997
United States,1980,30.164
United States,1981,42.898
United States,1982,45.589
United States,1983,62.287
United States,1984,64.84
United States,1985,75.497
United States,1986,116.297
United States,1987,153.87
United States,1988,200.914
United States,1989,265.731
United States,1990,294.189
United States,1991,294.062
United States,1992,330.212
United States,1993,331.013
United States,1994,326.553
United States,1995,316.913
United States,1996,326.456
United States,1997,362.295
United States,1998,366.411
United States,1999,341.481
United States,2000,353.437
United States,2001,335
United States,2002,298
United States,2003,276.897
United States,2004,257.905
United States,2005,255.757
United States,2006,251.853
United States,2007,238.136
United States,2008,233.327
United States,2009,223.323
United States,2010,231.249
United States,2011,233.925
United States,2012,234.623
United States,2013,229.703
United States,2014,210.077
United States,2015,213.826
United States,2016,232.23
United States,2017,236.986
United States,2018,225.528
United States,2019,200.37
United States,2020,193
United States,2021,187
United States,2022,173
United States,2023,170
Uruguay,1997,1.2
Uruguay,1998,2.303
Uruguay,1999,2.392
Uruguay,2000,2.24
Uruguay,2001,2.083
Uruguay,2002,2.079
Uruguay,2003,1.55
Uruguay,2004,1.758
Uruguay,2005,2.93
Uruguay,2006,2.8
Uruguay,2007,3.172
Uruguay,2008,2.429
Uruguay,2009,2.01
Uruguay,2010,1.705
Uruguay,2011,1.702
Uruguay,2012,1.881
Uruguay,2013,2.092
Uruguay,2014,1.715
Uruguay,2015,1.48
Uruguay,2016,0.993
Uruguay,2017,1.062
Uruguay,2018,0.465
Uruguay,2019,0
Uruguay,2020,0
Uruguay,2021,0
Uruguay,2022,0
Uzbekistan,1992,75
Uzbekistan,1993,66.6
Uzbekistan,1994,64.4
Uzbekistan,1995,63.6
Uzbekistan,1996,78.3
Uzbekistan,1997,81.7
Uzbekistan,1998,81
Uzbekistan,1999,88.1
Uzbekistan,2000,87.5
Uzbekistan,2001,85.4
Uzbekistan,2002,85.636
Uzbekistan,2003,84.61
Uzbekistan,2004,88.35
Uzbekistan,2005,84.21
Uzbekistan,2006,76.62
Uzbekistan,2007,72.85
Uzbekistan,2008,73
Uzbekistan,2009,73
Uzbekistan,2010,90
Uzbekistan,2011,91
Uzbekistan,2012,90
Uzbekistan,2013,90
Uzbekistan,2014,100
Uzbekistan,2015,88
Uzbekistan,2016,89
Uzbekistan,2017,89.9
Uzbekistan,2018,92.716
Uzbekistan,2019,93
Uzbekistan,2020,101
Uzbekistan,2021,100
Uzbekistan,2022,104
Uzbekistan,2023,100
Venezuela,1975,0.57
Venezuela,1976,0.513
Venezuela,1977,0.541
Venezuela,1978,0.416
Venezuela,1979,0.466
Venezuela,1980,0.514
Venezuela,1981,0.877
Venezuela,1982,0.902
Venezuela,1983,1.033
Venezuela,1984,1.741
Venezuela,1985,2.214
Venezuela,1986,2.511
Venezuela,1987,3.417
Venezuela,1988,3.502
Venezuela,1989,5.113
Venezuela,1990,6.334
Venezuela,1991,6.733
Venezuela,1992,8.547
Venezuela,1993,8.985
Venezuela,1994,10.094
Venezuela,1995,7.259
Venezuela,1996,11.719
Venezuela,1997,22.322
Venezuela,1998,6.74
Venezuela,1999,5.946
Venezuela,2000,7.332
Venezuela,2001,9.076
Venezuela,2002,9.465
Venezuela,2003,8.19
Venezuela,2004,9.69
Venezuela,2005,10.48
Venezuela,2006,11.6
Venezuela,2007,11.809
Venezuela,2008,10.815
Venezuela,2009,12.232
Venezuela,2010,6.991
Venezuela,2011,4.608
Venezuela,2012,1.982
Venezuela,2013,1.679
Venezuela,2014,5
Venezuela,2015,5
Venezuela,2016,5
Venezuela,2017,16.77
Venezuela,2018,10.785
Venezuela,2019,9.1
Venezuela,2020,30
Venezuela,2021,30
Venezuela,2022,30
Vietnam,1996,2
Vietnam,1997,1.8
Vietnam,1998,1.8
Vietnam,1999,1.9
Vietnam,2000,2
Vietnam,2001,3
Vietnam,2002,2
Vietnam,2003,2
Vietnam,2004,2
Vietnam,2005,3
Vietnam,2006,0.124
Vietnam,2007,0.311
Vietnam,2008,0.314
Vietnam,2009,0.489
Vietnam,2010,1.034
Vietnam,2011,1.333
Vietnam,2012,1.508
Vietnam,2013,1.681
Vietnam,2014,0.728
Vietnam,2015,0.579
Vietnam,2016,0.584
Vietnam,2017,0.557
Vietnam,2018,0.57
Vietnam,2019,0.54
Vietnam,2020,0.559
Vietnam,2021,0.664
Vietnam,2022,1.114
West Germany,1975,0.066
West Germany,1976,0.076
West Germany,1977,0.074
West Germany,1978,0.066
West Germany,1979,0.073
West Germany,1980,0.092
West Germany,1981,0.095
West Germany,1982,0.056
West Germany,1983,0.06
West Germany,1984,0.05
West Germany,1985,0.06
West Germany,1986,0.06
West Germany,1987,0.03
West Germany,1988,0.03
West Germany,1989,0.015
West Germany,1990,0
World,1900,386
World,1901,395
World,1902,451
World,1903,496
World,1904,526
World,1905,575
World,1906,608
World,1907,623
World,1908,668
World,1909,687
World,1910,689
World,1911,699
World,1912,705
World,1913,694
World,1914,663
World,1915,704
World,1916,685
World,1917,631
World,1918,578
World,1919,550
World,1920,507
World,1921,498
World,1922,481
World,1923,554
World,1924,592
World,1925,591
World,1926,602
World,1927,597
World,1928,603
World,1929,609
World,1930,648
World,1931,695
World,1932,754
World,1933,793
World,1934,841
World,1935,924
World,1936,1030
World,1937,1100
World,1938,1170
World,1939,1230
World,1940,1310
World,1941,1080
World,1942,1120
World,1943,896
World,1944,813
World,1945,762
World,1946,860
World,1947,900
World,1948,932
World,1949,964
World,1950,879
World,1951,883
World,1952,868
World,1953,864
World,1954,965
World,1955,947
World,1956,978
World,1957,1020
World,1958,1050
World,1959,1130
World,1960,1190
World,1961,1230
World,1962,1290
World,1963,1340
World,1964,1390
World,1965,1440
World,1966,1450
World,1967,1420
World,1968,1440
World,1969,1450
World,1970,1480
World,1971,1450
World,1972,1390
World,1973,1350
World,1974,1250
World,1975,1200
World,1976,1210
World,1977,1210
World,1978,1210
World,1979,1210
World,1980,1220
World,1981,1280
World,1982,1340
World,1983,1400
World,1984,1460
World,1985,1530
World,1986,1610
World,1987,1660
World,1988,1870
World,1989,2010
World,1990,2180
World,1991,2160
World,1992,2260
World,1993,2280
World,1994,2260
World,1995,2230
World,1996,2290
World,1997,2450
World,1998,2500
World,1999,2570
World,2000,2590
World,2001,2600
World,2002,2550
World,2003,2540
World,2004,2420
World,2005,2470
World,2006,2370
World,2007,2350
World,2008,2300
World,2009,2490
World,2010,2590
World,2011,2680
World,2012,2740
World,2013,2960
World,2014,3040
World,2015,3100
World,2016,3180
World,2017,3260
World,2018,3310
World,2019,3260
World,2020,3030
World,2021,3090
World,2022,3060
World,2023,3000
Yugoslavia,1975,3.856
Yugoslavia,1976,4.427
Yugoslavia,1977,5.108
Yugoslavia,1978,4.434
Yugoslavia,1979,4.323
Yugoslavia,1980,3.304
Yugoslavia,1981,3.582
Yugoslavia,1982,3.592
Yugoslavia,1983,4.238
Yugoslavia,1984,3.892
Yugoslavia,1985,4.46
Yugoslavia,1986,4.498
Yugoslavia,1987,5.348
Yugoslavia,1988,4.62
Yugoslavia,1989,4.349
Yugoslavia,1990,8.19
Yugoslavia,1991,6.92
Zambia,1975,0.265
Zambia,1976,0.341
Zambia,1977,0.207
Zambia,1978,0.259
Zambia,1979,0.247
Zambia,1980,0.257
Zambia,1981,0.328
Zambia,1982,0.418
Zambia,1983,0.316
Zambia,1984,0.379
Zambia,1985,0.246
Zambia,1986,0.058
Zambia,1987,0.35
Zambia,1988,0.262
Zambia,1989,0.149
Zambia,1990,0.129
Zambia,1991,0.124
Zambia,1992,0.218
Zambia,1993,0.267
Zambia,1994,0.165
Zambia,1995,0.079
Zambia,1996,0.109
Zambia,1997,0.226
Zambia,1998,0.21
Zambia,1999,0.079
Zambia,2000,0.1
Zambia,2001,0.12
Zambia,2002,0.14
Zambia,2003,0.14
Zambia,2004,0
Zambia,2005,0.443
Zambia,2006,0.964
Zambia,2007,1.269
Zambia,2008,1.693
Zambia,2009,3.108
Zambia,2010,3.41
Zambia,2011,3.493
Zambia,2012,4.232
Zambia,2013,5.207
Zambia,2014,4.803
Zambia,2015,4.238
Zambia,2016,4.61
Zambia,2017,4.373
Zambia,2018,4.044
Zambia,2019,4.522
Zambia,2020,3.994
Zambia,2021,3.987
Zambia,2022,3.108
Zimbabwe,1975,10.999
Zimbabwe,1976,12.086
Zimbabwe,1977,12.506
Zimbabwe,1978,12.414
Zimbabwe,1979,12.063
Zimbabwe,1980,11.443
Zimbabwe,1981,11.691
Zimbabwe,1982,13.367
Zimbabwe,1983,14.101
Zimbabwe,1984,14.877
Zimbabwe,1985,14.691
Zimbabwe,1986,14.853
Zimbabwe,1987,14.693
Zimbabwe,1988,14.965
Zimbabwe,1989,16.003
Zimbabwe,1990,16.921
Zimbabwe,1991,17.82
Zimbabwe,1992,18.278
Zimbabwe,1993,18.565
Zimbabwe,1994,20.512
Zimbabwe,1995,23.959
Zimbabwe,1996,24.699
Zimbabwe,1997,24.225
Zimbabwe,1998,25.175
Zimbabwe,1999,27.114
Zimbabwe,2000,22.007
Zimbabwe,2001,18.05
Zimbabwe,2002,15.669
Zimbabwe,2003,11.514
Zimbabwe,2004,21.33
Zimbabwe,2005,14.024
Zimbabwe,2006,11.354
Zimbabwe,2007,7.018
Zimbabwe,2008,3.579
Zimbabwe,2009,4.966
Zimbabwe,2010,19.24
Zimbabwe,2011,12.949
Zimbabwe,2012,14.743
Zimbabwe,2013,14.001
Zimbabwe,2014,15.386
Zimbabwe,2015,20.023
Zimbabwe,2016,22.747
Zimbabwe,2017,23.929
Zimbabwe,2018,35.054
Zimbabwe,2019,29.429
Zimbabwe,2020,20.873
Zimbabwe,2021,31.477
Zimbabwe,2022,37.225